日付,コード,銘柄名,市場・商品区分,33業種コード,33業種区分,17業種コード,17業種区分,規模コード,規模区分
20220729,1376,カネコ種苗,スタンダード（内国株式）,50,水産・農林業,1,食品 ,7,TOPIX Small 2
20220729,1380,秋川牧園,スタンダード（内国株式）,50,水産・農林業,1,食品 ,-,-
20220729,1381,アクシーズ,スタンダード（内国株式）,50,水産・農林業,1,食品 ,-,-
20220729,1382,ホーブ,スタンダード（内国株式）,50,水産・農林業,1,食品 ,-,-
20220729,1383,ベルグアース,スタンダード（内国株式）,50,水産・農林業,1,食品 ,-,-
20220729,1384,ホクリヨウ,スタンダード（内国株式）,50,水産・農林業,1,食品 ,7,TOPIX Small 2
20220729,1407,ウエストホールディングス,スタンダード（内国株式）,2050,建設業,3,建設・資材 ,-,-
20220729,1418,インターライフホールディングス,スタンダード（内国株式）,2050,建設業,3,建設・資材 ,-,-
20220729,1420,サンヨーホームズ,スタンダード（内国株式）,2050,建設業,3,建設・資材 ,7,TOPIX Small 2
20220729,1434,ＪＥＳＣＯホールディングス,スタンダード（内国株式）,2050,建設業,3,建設・資材 ,-,-
20220729,1439,安江工務店,スタンダード（内国株式）,2050,建設業,3,建設・資材 ,-,-
20220729,1443,技研ホールディングス,スタンダード（内国株式）,2050,建設業,3,建設・資材 ,-,-
20220729,1446,キャンディル,スタンダード（内国株式）,2050,建設業,3,建設・資材 ,7,TOPIX Small 2
20220729,1450,田中建設工業,スタンダード（内国株式）,2050,建設業,3,建設・資材 ,-,-
20220729,1451,ＫＨＣ,スタンダード（内国株式）,2050,建設業,3,建設・資材 ,-,-
20220729,1491,中外鉱業,スタンダード（内国株式）,3500,非鉄金属,7,鉄鋼・非鉄 ,-,-
20220729,1514,住石ホールディングス,スタンダード（内国株式）,1050,鉱業,2,エネルギー資源 ,7,TOPIX Small 2
20220729,1711,ＳＤＳホールディングス,スタンダード（内国株式）,2050,建設業,3,建設・資材 ,-,-
20220729,1717,明豊ファシリティワークス,スタンダード（内国株式）,9050,サービス業,10,情報通信・サービスその他 ,7,TOPIX Small 2
20220729,1718,美樹工業,スタンダード（内国株式）,2050,建設業,3,建設・資材 ,-,-
20220729,1723,日本電技,スタンダード（内国株式）,2050,建設業,3,建設・資材 ,-,-
20220729,1724,シンクレイヤ,スタンダード（内国株式）,2050,建設業,3,建設・資材 ,-,-
20220729,1730,麻生フオームクリート,スタンダード（内国株式）,2050,建設業,3,建設・資材 ,-,-
20220729,1736,オーテック,スタンダード（内国株式）,2050,建設業,3,建設・資材 ,-,-
20220729,1743,コーアツ工業,スタンダード（内国株式）,2050,建設業,3,建設・資材 ,-,-
20220729,1757,中小企業ホールディングス,スタンダード（内国株式）,2050,建設業,3,建設・資材 ,-,-
20220729,1758,太洋基礎工業,スタンダード（内国株式）,2050,建設業,3,建設・資材 ,-,-
20220729,1764,工藤建設,スタンダード（内国株式）,2050,建設業,3,建設・資材 ,-,-
20220729,1768,ソネック,スタンダード（内国株式）,2050,建設業,3,建設・資材 ,7,TOPIX Small 2
20220729,1770,藤田エンジニアリング,スタンダード（内国株式）,2050,建設業,3,建設・資材 ,-,-
20220729,1775,富士古河Ｅ＆Ｃ,スタンダード（内国株式）,2050,建設業,3,建設・資材 ,-,-
20220729,1776,三井住建道路,スタンダード（内国株式）,2050,建設業,3,建設・資材 ,-,-
20220729,1783,アジアゲートホールディングス,スタンダード（内国株式）,2050,建設業,3,建設・資材 ,-,-
20220729,1787,ナカボーテック,スタンダード（内国株式）,2050,建設業,3,建設・資材 ,-,-
20220729,1788,三東工業社,スタンダード（内国株式）,2050,建設業,3,建設・資材 ,-,-
20220729,1789,ＥＴＳホールディングス,スタンダード（内国株式）,2050,建設業,3,建設・資材 ,-,-
20220729,1793,大本組,スタンダード（内国株式）,2050,建設業,3,建設・資材 ,-,-
20220729,1795,マサル,スタンダード（内国株式）,2050,建設業,3,建設・資材 ,-,-
20220729,1798,守谷商会,スタンダード（内国株式）,2050,建設業,3,建設・資材 ,-,-
20220729,1799,第一建設工業,スタンダード（内国株式）,2050,建設業,3,建設・資材 ,-,-
20220729,1807,佐藤渡辺,スタンダード（内国株式）,2050,建設業,3,建設・資材 ,-,-
20220729,1811,錢高組,スタンダード（内国株式）,2050,建設業,3,建設・資材 ,7,TOPIX Small 2
20220729,1826,佐田建設,スタンダード（内国株式）,2050,建設業,3,建設・資材 ,7,TOPIX Small 2
20220729,1827,ナカノフドー建設,スタンダード（内国株式）,2050,建設業,3,建設・資材 ,7,TOPIX Small 2
20220729,1828,田辺工業,スタンダード（内国株式）,2050,建設業,3,建設・資材 ,-,-
20220729,1840,土屋ホールディングス,スタンダード（内国株式）,2050,建設業,3,建設・資材 ,-,-
20220729,1841,サンユー建設,スタンダード（内国株式）,2050,建設業,3,建設・資材 ,-,-
20220729,1844,大盛工業,スタンダード（内国株式）,2050,建設業,3,建設・資材 ,-,-
20220729,1848,富士ピー・エス,スタンダード（内国株式）,2050,建設業,3,建設・資材 ,7,TOPIX Small 2
20220729,1850,南海辰村建設,スタンダード（内国株式）,2050,建設業,3,建設・資材 ,-,-
20220729,1853,森組,スタンダード（内国株式）,2050,建設業,3,建設・資材 ,-,-
20220729,1866,北野建設,スタンダード（内国株式）,2050,建設業,3,建設・資材 ,7,TOPIX Small 2
20220729,1867,植木組,スタンダード（内国株式）,2050,建設業,3,建設・資材 ,7,TOPIX Small 2
20220729,1897,金下建設,スタンダード（内国株式）,2050,建設業,3,建設・資材 ,-,-
20220729,1904,大成温調,スタンダード（内国株式）,2050,建設業,3,建設・資材 ,-,-
20220729,1905,テノックス,スタンダード（内国株式）,2050,建設業,3,建設・資材 ,-,-
20220729,1909,日本ドライケミカル,スタンダード（内国株式）,3600,機械,8,機械 ,7,TOPIX Small 2
20220729,1914,日本基礎技術,スタンダード（内国株式）,2050,建設業,3,建設・資材 ,7,TOPIX Small 2
20220729,1921,巴コーポレーション,スタンダード（内国株式）,2050,建設業,3,建設・資材 ,7,TOPIX Small 2
20220729,1948,弘電社,スタンダード（内国株式）,2050,建設業,3,建設・資材 ,-,-
20220729,1960,サンテック,スタンダード（内国株式）,2050,建設業,3,建設・資材 ,-,-
20220729,1965,テクノ菱和,スタンダード（内国株式）,2050,建設業,3,建設・資材 ,-,-
20220729,1966,高田工業所,スタンダード（内国株式）,2050,建設業,3,建設・資材 ,-,-
20220729,1967,ヤマト,スタンダード（内国株式）,2050,建設業,3,建設・資材 ,7,TOPIX Small 2
20220729,1971,中央ビルト工業,スタンダード（内国株式）,3550,金属製品,3,建設・資材 ,-,-
20220729,1972,三晃金属工業,スタンダード（内国株式）,2050,建設業,3,建設・資材 ,7,TOPIX Small 2
20220729,1981,協和日成,スタンダード（内国株式）,2050,建設業,3,建設・資材 ,-,-
20220729,1992,神田通信機,スタンダード（内国株式）,2050,建設業,3,建設・資材 ,-,-
20220729,1994,高橋カーテンウォール工業,スタンダード（内国株式）,2050,建設業,3,建設・資材 ,-,-
20220729,1997,暁飯島工業,スタンダード（内国株式）,2050,建設業,3,建設・資材 ,-,-
20220729,2003,日東富士製粉,スタンダード（内国株式）,3050,食料品,1,食品 ,7,TOPIX Small 2
20220729,2009,鳥越製粉,スタンダード（内国株式）,3050,食料品,1,食品 ,7,TOPIX Small 2
20220729,2055,日和産業,スタンダード（内国株式）,3050,食料品,1,食品 ,-,-
20220729,2107,東洋精糖,スタンダード（内国株式）,3050,食料品,1,食品 ,7,TOPIX Small 2
20220729,2112,塩水港精糖,スタンダード（内国株式）,3050,食料品,1,食品 ,7,TOPIX Small 2
20220729,2114,フジ日本精糖,スタンダード（内国株式）,3050,食料品,1,食品 ,-,-
20220729,2122,インタースペース,スタンダード（内国株式）,9050,サービス業,10,情報通信・サービスその他 ,-,-
20220729,2134,燦キャピタルマネージメント,スタンダード（内国株式）,9050,サービス業,10,情報通信・サービスその他 ,-,-
20220729,2136,ヒップ,スタンダード（内国株式）,9050,サービス業,10,情報通信・サービスその他 ,-,-
20220729,2138,クルーズ,スタンダード（内国株式）,5250,情報・通信業,10,情報通信・サービスその他 ,-,-
20220729,2139,中広,スタンダード（内国株式）,9050,サービス業,10,情報通信・サービスその他 ,7,TOPIX Small 2
20220729,2152,幼児活動研究会,スタンダード（内国株式）,9050,サービス業,10,情報通信・サービスその他 ,-,-
20220729,2156,セーラー広告,スタンダード（内国株式）,9050,サービス業,10,情報通信・サービスその他 ,-,-
20220729,2159,フルスピード,スタンダード（内国株式）,9050,サービス業,10,情報通信・サービスその他 ,-,-
20220729,2162,ｎｍｓ　ホールディングス,スタンダード（内国株式）,9050,サービス業,10,情報通信・サービスその他 ,-,-
20220729,2169,ＣＤＳ,スタンダード（内国株式）,9050,サービス業,10,情報通信・サービスその他 ,7,TOPIX Small 2
20220729,2176,イナリサーチ,スタンダード（内国株式）,9050,サービス業,10,情報通信・サービスその他 ,-,-
20220729,2179,成学社,スタンダード（内国株式）,9050,サービス業,10,情報通信・サービスその他 ,-,-
20220729,2185,シイエム・シイ,スタンダード（内国株式）,9050,サービス業,10,情報通信・サービスその他 ,-,-
20220729,2186,ソーバル,スタンダード（内国株式）,9050,サービス業,10,情報通信・サービスその他 ,-,-
20220729,2191,テラ,スタンダード（内国株式）,9050,サービス業,10,情報通信・サービスその他 ,-,-
20220729,2193,クックパッド,スタンダード（内国株式）,9050,サービス業,10,情報通信・サービスその他 ,7,TOPIX Small 2
20220729,2208,ブルボン,スタンダード（内国株式）,3050,食料品,1,食品 ,-,-
20220729,2215,第一屋製パン,スタンダード（内国株式）,3050,食料品,1,食品 ,7,TOPIX Small 2
20220729,2216,カンロ,スタンダード（内国株式）,3050,食料品,1,食品 ,-,-
20220729,2221,岩塚製菓,スタンダード（内国株式）,3050,食料品,1,食品 ,-,-
20220729,2224,コモ,スタンダード（内国株式）,3050,食料品,1,食品 ,-,-
20220729,2226,湖池屋,スタンダード（内国株式）,3050,食料品,1,食品 ,-,-
20220729,2268,Ｂ−Ｒ　サーティワン　アイスクリーム,スタンダード（内国株式）,3050,食料品,1,食品 ,-,-
20220729,2286,林兼産業,スタンダード（内国株式）,3050,食料品,1,食品 ,7,TOPIX Small 2
20220729,2291,福留ハム,スタンダード（内国株式）,3050,食料品,1,食品 ,-,-
20220729,2293,滝沢ハム,スタンダード（内国株式）,3050,食料品,1,食品 ,-,-
20220729,2300,きょくとう,スタンダード（内国株式）,9050,サービス業,10,情報通信・サービスその他 ,-,-
20220729,2303,ドーン,スタンダード（内国株式）,5250,情報・通信業,10,情報通信・サービスその他 ,-,-
20220729,2304,ＣＳＳホールディングス,スタンダード（内国株式）,9050,サービス業,10,情報通信・サービスその他 ,-,-
20220729,2315,ＣＡＩＣＡ　ＤＩＧＩＴＡＬ,スタンダード（内国株式）,5250,情報・通信業,10,情報通信・サービスその他 ,-,-
20220729,2323,ｆｏｎｆｕｎ,スタンダード（内国株式）,5250,情報・通信業,10,情報通信・サービスその他 ,-,-
20220729,2329,東北新社,スタンダード（内国株式）,5250,情報・通信業,10,情報通信・サービスその他 ,-,-
20220729,2330,フォーサイド,スタンダード（内国株式）,5250,情報・通信業,10,情報通信・サービスその他 ,-,-
20220729,2332,クエスト,スタンダード（内国株式）,5250,情報・通信業,10,情報通信・サービスその他 ,-,-
20220729,2338,クオンタムソリューションズ,スタンダード（内国株式）,5250,情報・通信業,10,情報通信・サービスその他 ,-,-
20220729,2340,極楽湯ホールディングス,スタンダード（内国株式）,9050,サービス業,10,情報通信・サービスその他 ,-,-
20220729,2341,アルバイトタイムス,スタンダード（内国株式）,9050,サービス業,10,情報通信・サービスその他 ,-,-
20220729,2344,平安レイサービス,スタンダード（内国株式）,9050,サービス業,10,情報通信・サービスその他 ,-,-
20220729,2345,クシム,スタンダード（内国株式）,5250,情報・通信業,10,情報通信・サービスその他 ,-,-
20220729,2349,エヌアイデイ,スタンダード（内国株式）,5250,情報・通信業,10,情報通信・サービスその他 ,-,-
20220729,2354,ＹＥ　ＤＩＧＩＴＡＬ,スタンダード（内国株式）,5250,情報・通信業,10,情報通信・サービスその他 ,-,-
20220729,2373,ケア２１,スタンダード（内国株式）,9050,サービス業,10,情報通信・サービスその他 ,-,-
20220729,2375,ギグワークス,スタンダード（内国株式）,9050,サービス業,10,情報通信・サービスその他 ,-,-
20220729,2376,サイネックス,スタンダード（内国株式）,9050,サービス業,10,情報通信・サービスその他 ,7,TOPIX Small 2
20220729,2391,プラネット,スタンダード（内国株式）,9050,サービス業,10,情報通信・サービスその他 ,-,-
20220729,2393,日本ケアサプライ,スタンダード（内国株式）,9050,サービス業,10,情報通信・サービスその他 ,-,-
20220729,2397,ＤＮＡチップ研究所,スタンダード（内国株式）,9050,サービス業,10,情報通信・サービスその他 ,-,-
20220729,2404,鉄人化計画,スタンダード（内国株式）,9050,サービス業,10,情報通信・サービスその他 ,-,-
20220729,2408,ＫＧ情報,スタンダード（内国株式）,9050,サービス業,10,情報通信・サービスその他 ,-,-
20220729,2411,ゲンダイエージェンシー,スタンダード（内国株式）,5250,情報・通信業,10,情報通信・サービスその他 ,-,-
20220729,2415,ヒューマンホールディングス,スタンダード（内国株式）,9050,サービス業,10,情報通信・サービスその他 ,-,-
20220729,2425,ケアサービス,スタンダード（内国株式）,9050,サービス業,10,情報通信・サービスその他 ,-,-
20220729,2435,シダー,スタンダード（内国株式）,9050,サービス業,10,情報通信・サービスその他 ,-,-
20220729,2436,共同ピーアール,スタンダード（内国株式）,9050,サービス業,10,情報通信・サービスその他 ,-,-
20220729,2437,Ｓｈｉｎｗａ　Ｗｉｓｅ　Ｈｏｌｄｉｎｇｓ,スタンダード（内国株式）,9050,サービス業,10,情報通信・サービスその他 ,-,-
20220729,2449,プラップジャパン,スタンダード（内国株式）,9050,サービス業,10,情報通信・サービスその他 ,-,-
20220729,2454,オールアバウト,スタンダード（内国株式）,9050,サービス業,10,情報通信・サービスその他 ,-,-
20220729,2459,アウンコンサルティング,スタンダード（内国株式）,9050,サービス業,10,情報通信・サービスその他 ,-,-
20220729,2468,フュートレック,スタンダード（内国株式）,9050,サービス業,10,情報通信・サービスその他 ,-,-
20220729,2469,ヒビノ,スタンダード（内国株式）,9050,サービス業,10,情報通信・サービスその他 ,-,-
20220729,2480,システム・ロケーション,スタンダード（内国株式）,5250,情報・通信業,10,情報通信・サービスその他 ,-,-
20220729,2481,タウンニュース社,スタンダード（内国株式）,9050,サービス業,10,情報通信・サービスその他 ,-,-
20220729,2483,翻訳センター,スタンダード（内国株式）,9050,サービス業,10,情報通信・サービスその他 ,-,-
20220729,2484,出前館,スタンダード（内国株式）,5250,情報・通信業,10,情報通信・サービスその他 ,-,-
20220729,2485,ティア,スタンダード（内国株式）,9050,サービス業,10,情報通信・サービスその他 ,7,TOPIX Small 2
20220729,2487,ＣＤＧ,スタンダード（内国株式）,9050,サービス業,10,情報通信・サービスその他 ,7,TOPIX Small 2
20220729,2488,ＪＴＰ,スタンダード（内国株式）,9050,サービス業,10,情報通信・サービスその他 ,-,-
20220729,2493,イーサポートリンク,スタンダード（内国株式）,9050,サービス業,10,情報通信・サービスその他 ,-,-
20220729,2498,オリエンタルコンサルタンツホールディングス,スタンダード（内国株式）,9050,サービス業,10,情報通信・サービスその他 ,-,-
20220729,2499,日本和装ホールディングス,スタンダード（内国株式）,9050,サービス業,10,情報通信・サービスその他 ,-,-
20220729,2573,北海道コカ・コーラボトリング,スタンダード（内国株式）,3050,食料品,1,食品 ,-,-
20220729,2585,ライフドリンク　カンパニー,スタンダード（内国株式）,3050,食料品,1,食品 ,-,-
20220729,2588,プレミアムウォーターホールディングス,スタンダード（内国株式）,3050,食料品,1,食品 ,-,-
20220729,2597,ユニカフェ,スタンダード（内国株式）,3050,食料品,1,食品 ,7,TOPIX Small 2
20220729,2599,ジャパンフーズ,スタンダード（内国株式）,3050,食料品,1,食品 ,7,TOPIX Small 2
20220729,2612,かどや製油,スタンダード（内国株式）,3050,食料品,1,食品 ,7,TOPIX Small 2
20220729,2652,まんだらけ,スタンダード（内国株式）,6100,小売業,14,小売 ,-,-
20220729,2653,イオン九州,スタンダード（内国株式）,6100,小売業,14,小売 ,-,-
20220729,2654,アスモ,スタンダード（内国株式）,6100,小売業,14,小売 ,-,-
20220729,2656,ベクター,スタンダード（内国株式）,6100,小売業,14,小売 ,-,-
20220729,2666,オートウェーブ,スタンダード（内国株式）,6100,小売業,14,小売 ,-,-
20220729,2667,イメージ　ワン,スタンダード（内国株式）,6050,卸売業,13,商社・卸売 ,-,-
20220729,2668,タビオ,スタンダード（内国株式）,6050,卸売業,13,商社・卸売 ,-,-
20220729,2669,カネ美食品,スタンダード（内国株式）,6100,小売業,14,小売 ,-,-
20220729,2673,夢みつけ隊,スタンダード（内国株式）,6100,小売業,14,小売 ,-,-
20220729,2683,魚喜,スタンダード（内国株式）,6100,小売業,14,小売 ,-,-
20220729,2686,ジーフット,スタンダード（内国株式）,6100,小売業,14,小売 ,7,TOPIX Small 2
20220729,2687,シー・ヴイ・エス・ベイエリア,スタンダード（内国株式）,6100,小売業,14,小売 ,7,TOPIX Small 2
20220729,2689,オルバヘルスケアホールディングス,スタンダード（内国株式）,6050,卸売業,13,商社・卸売 ,7,TOPIX Small 2
20220729,2693,ＹＫＴ,スタンダード（内国株式）,6050,卸売業,13,商社・卸売 ,-,-
20220729,2694,焼肉坂井ホールディングス,スタンダード（内国株式）,6100,小売業,14,小売 ,-,-
20220729,2698,キャンドゥ,スタンダード（内国株式）,6100,小売業,14,小売 ,7,TOPIX Small 2
20220729,2700,木徳神糧,スタンダード（内国株式）,6050,卸売業,13,商社・卸売 ,-,-
20220729,2702,日本マクドナルドホールディングス,スタンダード（内国株式）,6100,小売業,14,小売 ,-,-
20220729,2705,大戸屋ホールディングス,スタンダード（内国株式）,6100,小売業,14,小売 ,-,-
20220729,2706,ブロッコリー,スタンダード（内国株式）,3800,その他製品,10,情報通信・サービスその他 ,-,-
20220729,2708,久世,スタンダード（内国株式）,6050,卸売業,13,商社・卸売 ,-,-
20220729,2721,ジェイホールディングス,スタンダード（内国株式）,6050,卸売業,13,商社・卸売 ,-,-
20220729,2736,フェスタリアホールディングス,スタンダード（内国株式）,6100,小売業,14,小売 ,-,-
20220729,2743,ピクセルカンパニーズ,スタンダード（内国株式）,6050,卸売業,13,商社・卸売 ,-,-
20220729,2747,北雄ラッキー,スタンダード（内国株式）,6100,小売業,14,小売 ,-,-
20220729,2750,石光商事,スタンダード（内国株式）,6050,卸売業,13,商社・卸売 ,-,-
20220729,2751,テンポスホールディングス,スタンダード（内国株式）,6050,卸売業,13,商社・卸売 ,-,-
20220729,2754,東葛ホールディングス,スタンダード（内国株式）,6100,小売業,14,小売 ,-,-
20220729,2761,トシン・グループ,スタンダード（内国株式）,6050,卸売業,13,商社・卸売 ,-,-
20220729,2762,ＳＡＮＫＯ　ＭＡＲＫＥＴＩＮＧ　ＦＯＯＤＳ,スタンダード（内国株式）,6100,小売業,14,小売 ,-,-
20220729,2763,エフティグループ,スタンダード（内国株式）,6050,卸売業,13,商社・卸売 ,-,-
20220729,2769,ウ゛ィレッジウ゛ァンガードコーポレーション,スタンダード（内国株式）,6100,小売業,14,小売 ,-,-
20220729,2773,ミューチュアル,スタンダード（内国株式）,3600,機械,8,機械 ,-,-
20220729,2776,新都ホールディングス,スタンダード（内国株式）,6050,卸売業,13,商社・卸売 ,-,-
20220729,2777,カッシーナ・イクスシー,スタンダード（内国株式）,6050,卸売業,13,商社・卸売 ,-,-
20220729,2778,パレモ・ホールディングス,スタンダード（内国株式）,6100,小売業,14,小売 ,-,-
20220729,2780,コメ兵ホールディングス,スタンダード（内国株式）,6100,小売業,14,小売 ,-,-
20220729,2782,セリア,スタンダード（内国株式）,6100,小売業,14,小売 ,-,-
20220729,2788,アップルインターナショナル,スタンダード（内国株式）,6050,卸売業,13,商社・卸売 ,-,-
20220729,2789,カルラ,スタンダード（内国株式）,6100,小売業,14,小売 ,-,-
20220729,2790,ナフコ,スタンダード（内国株式）,6100,小売業,14,小売 ,-,-
20220729,2795,日本プリメックス,スタンダード（内国株式）,6050,卸売業,13,商社・卸売 ,-,-
20220729,2798,ワイズテーブルコーポレーション,スタンダード（内国株式）,6100,小売業,14,小売 ,-,-
20220729,2805,ヱスビー食品,スタンダード（内国株式）,3050,食料品,1,食品 ,-,-
20220729,2806,ユタカフーズ,スタンダード（内国株式）,3050,食料品,1,食品 ,-,-
20220729,2812,焼津水産化学工業,スタンダード（内国株式）,3050,食料品,1,食品 ,7,TOPIX Small 2
20220729,2813,和弘食品,スタンダード（内国株式）,3050,食料品,1,食品 ,-,-
20220729,2814,佐藤食品工業,スタンダード（内国株式）,3050,食料品,1,食品 ,-,-
20220729,2816,ダイショー,スタンダード（内国株式）,3050,食料品,1,食品 ,-,-
20220729,2819,エバラ食品工業,スタンダード（内国株式）,3050,食料品,1,食品 ,7,TOPIX Small 2
20220729,2830,アヲハタ,スタンダード（内国株式）,3050,食料品,1,食品 ,-,-
20220729,2831,はごろもフーズ,スタンダード（内国株式）,3050,食料品,1,食品 ,-,-
20220729,2872,セイヒョー,スタンダード（内国株式）,3050,食料品,1,食品 ,-,-
20220729,2876,デルソーレ,スタンダード（内国株式）,3050,食料品,1,食品 ,-,-
20220729,2877,日東ベスト,スタンダード（内国株式）,3050,食料品,1,食品 ,-,-
20220729,2883,大冷,スタンダード（内国株式）,3050,食料品,1,食品 ,7,TOPIX Small 2
20220729,2892,日本食品化工,スタンダード（内国株式）,3050,食料品,1,食品 ,-,-
20220729,2894,石井食品,スタンダード（内国株式）,3050,食料品,1,食品 ,-,-
20220729,2901,石垣食品,スタンダード（内国株式）,3050,食料品,1,食品 ,-,-
20220729,2903,シノブフーズ,スタンダード（内国株式）,3050,食料品,1,食品 ,-,-
20220729,2907,あじかん,スタンダード（内国株式）,3050,食料品,1,食品 ,-,-
20220729,2911,旭松食品,スタンダード（内国株式）,3050,食料品,1,食品 ,-,-
20220729,2916,仙波糖化工業,スタンダード（内国株式）,3050,食料品,1,食品 ,-,-
20220729,2917,大森屋,スタンダード（内国株式）,3050,食料品,1,食品 ,-,-
20220729,2923,サトウ食品,スタンダード（内国株式）,3050,食料品,1,食品 ,-,-
20220729,2924,イフジ産業,スタンダード（内国株式）,3050,食料品,1,食品 ,7,TOPIX Small 2
20220729,2926,篠崎屋,スタンダード（内国株式）,3050,食料品,1,食品 ,-,-
20220729,2927,ＡＦＣ−ＨＤアムスライフサイエンス,スタンダード（内国株式）,3050,食料品,1,食品 ,-,-
20220729,2932,ＳＴＩフードホールディングス,スタンダード（内国株式）,3050,食料品,1,食品 ,-,-
20220729,2961,日本調理機,スタンダード（内国株式）,3550,金属製品,3,建設・資材 ,-,-
20220729,2970,グッドライフカンパニー,スタンダード（内国株式）,8050,不動産業,17,不動産 ,-,-
20220729,2984,ヤマイチ・ユニハイムエステート,スタンダード（内国株式）,8050,不動産業,17,不動産 ,-,-
20220729,2991,ランドネット,スタンダード（内国株式）,8050,不動産業,17,不動産 ,-,-
20220729,2993,長栄,スタンダード（内国株式）,8050,不動産業,17,不動産 ,-,-
20220729,2999,ホームポジション,スタンダード（内国株式）,8050,不動産業,17,不動産 ,-,-
20220729,3001,片倉工業,スタンダード（内国株式）,3100,繊維製品,4,素材・化学 ,7,TOPIX Small 2
20220729,3004,神栄,スタンダード（内国株式）,6050,卸売業,13,商社・卸売 ,7,TOPIX Small 2
20220729,3010,ポラリス・ホールディングス,スタンダード（内国株式）,9050,サービス業,10,情報通信・サービスその他 ,-,-
20220729,3011,バナーズ,スタンダード（内国株式）,6100,小売業,14,小売 ,-,-
20220729,3020,アプライド,スタンダード（内国株式）,6100,小売業,14,小売 ,-,-
20220729,3021,パシフィックネット,スタンダード（内国株式）,9050,サービス業,10,情報通信・サービスその他 ,-,-
20220729,3023,ラサ商事,スタンダード（内国株式）,6050,卸売業,13,商社・卸売 ,7,TOPIX Small 2
20220729,3024,クリエイト,スタンダード（内国株式）,6050,卸売業,13,商社・卸売 ,-,-
20220729,3035,ケイティケイ,スタンダード（内国株式）,6050,卸売業,13,商社・卸売 ,-,-
20220729,3041,ビューティ花壇,スタンダード（内国株式）,6050,卸売業,13,商社・卸売 ,-,-
20220729,3045,カワサキ,スタンダード（内国株式）,6050,卸売業,13,商社・卸売 ,-,-
20220729,3058,三洋堂ホールディングス,スタンダード（内国株式）,6100,小売業,14,小売 ,-,-
20220729,3059,ヒラキ,スタンダード（内国株式）,6100,小売業,14,小売 ,-,-
20220729,3065,ライフフーズ,スタンダード（内国株式）,6100,小売業,14,小売 ,-,-
20220729,3068,ＷＤＩ,スタンダード（内国株式）,6100,小売業,14,小売 ,-,-
20220729,3069,ＪＦＬＡホールディングス,スタンダード（内国株式）,6100,小売業,14,小売 ,-,-
20220729,3071,ストリーム,スタンダード（内国株式）,6100,小売業,14,小売 ,-,-
20220729,3075,銚子丸,スタンダード（内国株式）,6100,小売業,14,小売 ,-,-
20220729,3077,ホリイフードサービス,スタンダード（内国株式）,6100,小売業,14,小売 ,-,-
20220729,3079,ディーブイエックス,スタンダード（内国株式）,6050,卸売業,13,商社・卸売 ,7,TOPIX Small 2
20220729,3080,ジェーソン,スタンダード（内国株式）,6100,小売業,14,小売 ,-,-
20220729,3082,きちりホールディングス,スタンダード（内国株式）,6100,小売業,14,小売 ,7,TOPIX Small 2
20220729,3083,シーズメン,スタンダード（内国株式）,6100,小売業,14,小売 ,-,-
20220729,3089,テクノアルファ,スタンダード（内国株式）,6050,卸売業,13,商社・卸売 ,-,-
20220729,3094,スーパーバリュー,スタンダード（内国株式）,6100,小売業,14,小売 ,-,-
20220729,3096,オーシャンシステム,スタンダード（内国株式）,6100,小売業,14,小売 ,-,-
20220729,3111,オーミケンシ,スタンダード（内国株式）,3100,繊維製品,4,素材・化学 ,-,-
20220729,3113,Ｏａｋ　キャピタル,スタンダード（内国株式）,7100,証券、商品先物取引業,16,金融（除く銀行） ,-,-
20220729,3121,マーチャント・バンカーズ,スタンダード（内国株式）,9050,サービス業,10,情報通信・サービスその他 ,-,-
20220729,3123,サイボー,スタンダード（内国株式）,3100,繊維製品,4,素材・化学 ,-,-
20220729,3131,シンデン・ハイテックス,スタンダード（内国株式）,6050,卸売業,13,商社・卸売 ,-,-
20220729,3143,オーウイル,スタンダード（内国株式）,6050,卸売業,13,商社・卸売 ,-,-
20220729,3157,ジューテックホールディングス,スタンダード（内国株式）,6050,卸売業,13,商社・卸売 ,7,TOPIX Small 2
20220729,3159,丸善ＣＨＩホールディングス,スタンダード（内国株式）,6100,小売業,14,小売 ,7,TOPIX Small 2
20220729,3160,大光,スタンダード（内国株式）,6050,卸売業,13,商社・卸売 ,7,TOPIX Small 2
20220729,3161,アゼアス,スタンダード（内国株式）,6050,卸売業,13,商社・卸売 ,-,-
20220729,3168,黒谷,スタンダード（内国株式）,6050,卸売業,13,商社・卸売 ,7,TOPIX Small 2
20220729,3169,ミサワ,スタンダード（内国株式）,6100,小売業,14,小売 ,7,TOPIX Small 2
20220729,3172,ティーライフ,スタンダード（内国株式）,6100,小売業,14,小売 ,7,TOPIX Small 2
20220729,3174,ハピネス・アンド・ディ,スタンダード（内国株式）,6100,小売業,14,小売 ,-,-
20220729,3175,エー・ピーホールディングス,スタンダード（内国株式）,6100,小売業,14,小売 ,7,TOPIX Small 2
20220729,3177,ありがとうサービス,スタンダード（内国株式）,6100,小売業,14,小売 ,-,-
20220729,3178,チムニー,スタンダード（内国株式）,6100,小売業,14,小売 ,7,TOPIX Small 2
20220729,3181,買取王国,スタンダード（内国株式）,6100,小売業,14,小売 ,-,-
20220729,3184,ＩＣＤＡホールディングス,スタンダード（内国株式）,6100,小売業,14,小売 ,-,-
20220729,3189,ＡＮＡＰ,スタンダード（内国株式）,6100,小売業,14,小売 ,-,-
20220729,3190,ホットマン,スタンダード（内国株式）,6100,小売業,14,小売 ,-,-
20220729,3192,白鳩,スタンダード（内国株式）,6100,小売業,14,小売 ,-,-
20220729,3202,ダイトウボウ,スタンダード（内国株式）,3100,繊維製品,4,素材・化学 ,7,TOPIX Small 2
20220729,3204,トーア紡コーポレーション,スタンダード（内国株式）,3100,繊維製品,4,素材・化学 ,7,TOPIX Small 2
20220729,3205,ダイドーリミテッド,スタンダード（内国株式）,3100,繊維製品,4,素材・化学 ,7,TOPIX Small 2
20220729,3222,ユナイテッド・スーパーマーケット・ホールディングス,スタンダード（内国株式）,6100,小売業,14,小売 ,6,TOPIX Small 1
20220729,3223,エスエルディー,スタンダード（内国株式）,6100,小売業,14,小売 ,-,-
20220729,3236,プロパスト,スタンダード（内国株式）,8050,不動産業,17,不動産 ,-,-
20220729,3238,セントラル総合開発,スタンダード（内国株式）,8050,不動産業,17,不動産 ,-,-
20220729,3241,ウィル,スタンダード（内国株式）,8050,不動産業,17,不動産 ,-,-
20220729,3242,アーバネットコーポレーション,スタンダード（内国株式）,8050,不動産業,17,不動産 ,-,-
20220729,3246,コーセーアールイー,スタンダード（内国株式）,8050,不動産業,17,不動産 ,7,TOPIX Small 2
20220729,3248,アールエイジ,スタンダード（内国株式）,8050,不動産業,17,不動産 ,-,-
20220729,3254,プレサンスコーポレーション,スタンダード（内国株式）,8050,不動産業,17,不動産 ,6,TOPIX Small 1
20220729,3264,アスコット,スタンダード（内国株式）,8050,不動産業,17,不動産 ,-,-
20220729,3266,ファンドクリエーショングループ,スタンダード（内国株式）,8050,不動産業,17,不動産 ,-,-
20220729,3271,ＴＨＥグローバル社,スタンダード（内国株式）,8050,不動産業,17,不動産 ,7,TOPIX Small 2
20220729,3277,サンセイランディック,スタンダード（内国株式）,8050,不動産業,17,不動産 ,7,TOPIX Small 2
20220729,3280,エストラスト,スタンダード（内国株式）,8050,不動産業,17,不動産 ,7,TOPIX Small 2
20220729,3293,アズマハウス,スタンダード（内国株式）,8050,不動産業,17,不動産 ,-,-
20220729,3294,イーグランド,スタンダード（内国株式）,8050,不動産業,17,不動産 ,7,TOPIX Small 2
20220729,3297,東武住販,スタンダード（内国株式）,8050,不動産業,17,不動産 ,-,-
20220729,3306,日本製麻,スタンダード（内国株式）,6050,卸売業,13,商社・卸売 ,-,-
20220729,3316,東京日産コンピュータシステム,スタンダード（内国株式）,6050,卸売業,13,商社・卸売 ,-,-
20220729,3317,フライングガーデン,スタンダード（内国株式）,6100,小売業,14,小売 ,-,-
20220729,3320,クロスプラス,スタンダード（内国株式）,6050,卸売業,13,商社・卸売 ,-,-
20220729,3321,ミタチ産業,スタンダード（内国株式）,6050,卸売業,13,商社・卸売 ,7,TOPIX Small 2
20220729,3322,アルファグループ,スタンダード（内国株式）,6050,卸売業,13,商社・卸売 ,-,-
20220729,3323,レカム,スタンダード（内国株式）,6050,卸売業,13,商社・卸売 ,-,-
20220729,3326,ランシステム,スタンダード（内国株式）,9050,サービス業,10,情報通信・サービスその他 ,-,-
20220729,3329,東和フードサービス,スタンダード（内国株式）,6100,小売業,14,小売 ,-,-
20220729,3347,トラスト,スタンダード（内国株式）,6100,小売業,14,小売 ,-,-
20220729,3350,レッド・プラネット・ジャパン,スタンダード（内国株式）,6050,卸売業,13,商社・卸売 ,-,-
20220729,3352,バッファロー,スタンダード（内国株式）,6100,小売業,14,小売 ,-,-
20220729,3353,メディカル一光グループ,スタンダード（内国株式）,6100,小売業,14,小売 ,-,-
20220729,3355,クリヤマホールディングス,スタンダード（内国株式）,6050,卸売業,13,商社・卸売 ,-,-
20220729,3356,テリロジー,スタンダード（内国株式）,6050,卸売業,13,商社・卸売 ,-,-
20220729,3358,ワイエスフード,スタンダード（内国株式）,6100,小売業,14,小売 ,-,-
20220729,3361,トーエル,スタンダード（内国株式）,6100,小売業,14,小売 ,7,TOPIX Small 2
20220729,3370,フジタコーポレーション,スタンダード（内国株式）,6100,小売業,14,小売 ,-,-
20220729,3372,関門海,スタンダード（内国株式）,6100,小売業,14,小売 ,-,-
20220729,3374,内外テック,スタンダード（内国株式）,6050,卸売業,13,商社・卸売 ,-,-
20220729,3375,ＺＯＡ,スタンダード（内国株式）,6100,小売業,14,小売 ,-,-
20220729,3377,バイク王＆カンパニー,スタンダード（内国株式）,6050,卸売業,13,商社・卸売 ,-,-
20220729,3386,コスモ・バイオ,スタンダード（内国株式）,6050,卸売業,13,商社・卸売 ,-,-
20220729,3390,ＩＮＥＳＴ,スタンダード（内国株式）,6050,卸売業,13,商社・卸売 ,-,-
20220729,3392,デリカフーズホールディングス,スタンダード（内国株式）,6050,卸売業,13,商社・卸売 ,7,TOPIX Small 2
20220729,3396,フェリシモ,スタンダード（内国株式）,6100,小売業,14,小売 ,7,TOPIX Small 2
20220729,3399,丸千代山岡家,スタンダード（内国株式）,6100,小売業,14,小売 ,-,-
20220729,3409,北日本紡績,スタンダード（内国株式）,3100,繊維製品,4,素材・化学 ,-,-
20220729,3417,大木ヘルスケアホールディングス,スタンダード（内国株式）,6050,卸売業,13,商社・卸売 ,-,-
20220729,3420,ケー・エフ・シー,スタンダード（内国株式）,3550,金属製品,3,建設・資材 ,-,-
20220729,3421,稲葉製作所,スタンダード（内国株式）,3550,金属製品,3,建設・資材 ,7,TOPIX Small 2
20220729,3422,Ｊ−ＭＡＸ,スタンダード（内国株式）,3550,金属製品,3,建設・資材 ,-,-
20220729,3423,エスイー,スタンダード（内国株式）,3550,金属製品,3,建設・資材 ,-,-
20220729,3426,アトムリビンテック,スタンダード（内国株式）,3550,金属製品,3,建設・資材 ,-,-
20220729,3434,アルファＣｏ,スタンダード（内国株式）,3550,金属製品,3,建設・資材 ,7,TOPIX Small 2
20220729,3435,サンコーテクノ,スタンダード（内国株式）,3550,金属製品,3,建設・資材 ,-,-
20220729,3437,特殊電極,スタンダード（内国株式）,3550,金属製品,3,建設・資材 ,-,-
20220729,3439,三ツ知,スタンダード（内国株式）,3550,金属製品,3,建設・資材 ,-,-
20220729,3440,日創プロニティ,スタンダード（内国株式）,3550,金属製品,3,建設・資材 ,-,-
20220729,3441,山王,スタンダード（内国株式）,3550,金属製品,3,建設・資材 ,-,-
20220729,3444,菊池製作所,スタンダード（内国株式）,3550,金属製品,3,建設・資材 ,-,-
20220729,3447,信和,スタンダード（内国株式）,3550,金属製品,3,建設・資材 ,7,TOPIX Small 2
20220729,3449,テクノフレックス,スタンダード（内国株式）,3550,金属製品,3,建設・資材 ,-,-
20220729,3469,デュアルタップ,スタンダード（内国株式）,8050,不動産業,17,不動産 ,-,-
20220729,3490,アズ企画設計,スタンダード（内国株式）,8050,不動産業,17,不動産 ,-,-
20220729,3494,マリオン,スタンダード（内国株式）,8050,不動産業,17,不動産 ,-,-
20220729,3495,香陵住販,スタンダード（内国株式）,8050,不動産業,17,不動産 ,-,-
20220729,3512,日本フエルト,スタンダード（内国株式）,3100,繊維製品,4,素材・化学 ,7,TOPIX Small 2
20220729,3513,イチカワ,スタンダード（内国株式）,3100,繊維製品,4,素材・化学 ,7,TOPIX Small 2
20220729,3524,日東製網,スタンダード（内国株式）,3100,繊維製品,4,素材・化学 ,7,TOPIX Small 2
20220729,3528,ミライノベート,スタンダード（内国株式）,8050,不動産業,17,不動産 ,-,-
20220729,3536,アクサスホールディングス,スタンダード（内国株式）,6100,小売業,14,小売 ,-,-
20220729,3537,昭栄薬品,スタンダード（内国株式）,6050,卸売業,13,商社・卸売 ,-,-
20220729,3540,歯愛メディカル,スタンダード（内国株式）,6050,卸売業,13,商社・卸売 ,-,-
20220729,3547,串カツ田中ホールディングス,スタンダード（内国株式）,6100,小売業,14,小売 ,7,TOPIX Small 2
20220729,3551,ダイニック,スタンダード（内国株式）,3100,繊維製品,4,素材・化学 ,7,TOPIX Small 2
20220729,3553,共和レザー,スタンダード（内国株式）,3200,化学,4,素材・化学 ,7,TOPIX Small 2
20220729,3560,ほぼ日,スタンダード（内国株式）,6100,小売業,14,小売 ,-,-
20220729,3562,Ｎｏ．１,スタンダード（内国株式）,6050,卸売業,13,商社・卸売 ,-,-
20220729,3571,ソトー,スタンダード（内国株式）,3100,繊維製品,4,素材・化学 ,7,TOPIX Small 2
20220729,3577,東海染工,スタンダード（内国株式）,3100,繊維製品,4,素材・化学 ,7,TOPIX Small 2
20220729,3578,倉庫精練,スタンダード（内国株式）,3100,繊維製品,4,素材・化学 ,-,-
20220729,3583,オーベクス,スタンダード（内国株式）,3100,繊維製品,4,素材・化学 ,-,-
20220729,3597,自重堂,スタンダード（内国株式）,3100,繊維製品,4,素材・化学 ,-,-
20220729,3598,山喜,スタンダード（内国株式）,3100,繊維製品,4,素材・化学 ,-,-
20220729,3600,フジックス,スタンダード（内国株式）,3100,繊維製品,4,素材・化学 ,-,-
20220729,3604,川本産業,スタンダード（内国株式）,3100,繊維製品,4,素材・化学 ,-,-
20220729,3607,クラウディアホールディングス,スタンダード（内国株式）,3100,繊維製品,4,素材・化学 ,7,TOPIX Small 2
20220729,3634,ソケッツ,スタンダード（内国株式）,5250,情報・通信業,10,情報通信・サービスその他 ,-,-
20220729,3639,ボルテージ,スタンダード（内国株式）,5250,情報・通信業,10,情報通信・サービスその他 ,7,TOPIX Small 2
20220729,3640,電算,スタンダード（内国株式）,5250,情報・通信業,10,情報通信・サービスその他 ,7,TOPIX Small 2
20220729,3641,パピレス,スタンダード（内国株式）,5250,情報・通信業,10,情報通信・サービスその他 ,-,-
20220729,3647,ジー・スリーホールディングス,スタンダード（内国株式）,5250,情報・通信業,10,情報通信・サービスその他 ,-,-
20220729,3648,ＡＧＳ,スタンダード（内国株式）,5250,情報・通信業,10,情報通信・サービスその他 ,7,TOPIX Small 2
20220729,3663,アートスパークホールディングス,スタンダード（内国株式）,5250,情報・通信業,10,情報通信・サービスその他 ,-,-
20220729,3667,ｅｎｉｓｈ,スタンダード（内国株式）,5250,情報・通信業,10,情報通信・サービスその他 ,7,TOPIX Small 2
20220729,3670,協立情報通信,スタンダード（内国株式）,5250,情報・通信業,10,情報通信・サービスその他 ,-,-
20220729,3672,オルトプラス,スタンダード（内国株式）,5250,情報・通信業,10,情報通信・サービスその他 ,7,TOPIX Small 2
20220729,3682,エンカレッジ・テクノロジ,スタンダード（内国株式）,5250,情報・通信業,10,情報通信・サービスその他 ,7,TOPIX Small 2
20220729,3686,ディー・エル・イー,スタンダード（内国株式）,5250,情報・通信業,10,情報通信・サービスその他 ,7,TOPIX Small 2
20220729,3710,ジョルダン,スタンダード（内国株式）,5250,情報・通信業,10,情報通信・サービスその他 ,-,-
20220729,3712,情報企画,スタンダード（内国株式）,5250,情報・通信業,10,情報通信・サービスその他 ,-,-
20220729,3719,ジェクシード,スタンダード（内国株式）,5250,情報・通信業,10,情報通信・サービスその他 ,-,-
20220729,3726,フォーシーズＨＤ,スタンダード（内国株式）,6100,小売業,14,小売 ,-,-
20220729,3733,ソフトウェア・サービス,スタンダード（内国株式）,5250,情報・通信業,10,情報通信・サービスその他 ,-,-
20220729,3744,サイオス,スタンダード（内国株式）,5250,情報・通信業,10,情報通信・サービスその他 ,-,-
20220729,3747,インタートレード,スタンダード（内国株式）,5250,情報・通信業,10,情報通信・サービスその他 ,-,-
20220729,3750,サイトリ細胞研究所,スタンダード（内国株式）,5250,情報・通信業,10,情報通信・サービスその他 ,-,-
20220729,3753,フライトホールディングス,スタンダード（内国株式）,5250,情報・通信業,10,情報通信・サービスその他 ,-,-
20220729,3758,アエリア,スタンダード（内国株式）,5250,情報・通信業,10,情報通信・サービスその他 ,-,-
20220729,3760,ケイブ,スタンダード（内国株式）,5250,情報・通信業,10,情報通信・サービスその他 ,-,-
20220729,3766,システムズ・デザイン,スタンダード（内国株式）,5250,情報・通信業,10,情報通信・サービスその他 ,-,-
20220729,3768,リスクモンスター,スタンダード（内国株式）,5250,情報・通信業,10,情報通信・サービスその他 ,-,-
20220729,3770,ザッパラス,スタンダード（内国株式）,5250,情報・通信業,10,情報通信・サービスその他 ,7,TOPIX Small 2
20220729,3772,ウェルス・マネジメント,スタンダード（内国株式）,8050,不動産業,17,不動産 ,-,-
20220729,3776,ブロードバンドタワー,スタンダード（内国株式）,5250,情報・通信業,10,情報通信・サービスその他 ,-,-
20220729,3779,ジェイ・エスコムホールディングス,スタンダード（内国株式）,5250,情報・通信業,10,情報通信・サービスその他 ,-,-
20220729,3784,ヴィンクス,スタンダード（内国株式）,5250,情報・通信業,10,情報通信・サービスその他 ,7,TOPIX Small 2
20220729,3787,テクノマセマティカル,スタンダード（内国株式）,5250,情報・通信業,10,情報通信・サービスその他 ,-,-
20220729,3791,ＩＧポート,スタンダード（内国株式）,5250,情報・通信業,10,情報通信・サービスその他 ,-,-
20220729,3796,いい生活,スタンダード（内国株式）,5250,情報・通信業,10,情報通信・サービスその他 ,-,-
20220729,3798,ＵＬＳグループ,スタンダード（内国株式）,5250,情報・通信業,10,情報通信・サービスその他 ,-,-
20220729,3799,キーウェアソリューションズ,スタンダード（内国株式）,5250,情報・通信業,10,情報通信・サービスその他 ,-,-
20220729,3800,ユニリタ,スタンダード（内国株式）,5250,情報・通信業,10,情報通信・サービスその他 ,-,-
20220729,3802,エコミック,スタンダード（内国株式）,5250,情報・通信業,10,情報通信・サービスその他 ,-,-
20220729,3804,システム　ディ,スタンダード（内国株式）,5250,情報・通信業,10,情報通信・サービスその他 ,-,-
20220729,3810,サイバーステップ,スタンダード（内国株式）,5250,情報・通信業,10,情報通信・サービスその他 ,-,-
20220729,3816,大和コンピューター,スタンダード（内国株式）,5250,情報・通信業,10,情報通信・サービスその他 ,-,-
20220729,3823,ＴＨＥ　ＷＨＹ　ＨＯＷ　ＤＯ　ＣＯＭＰＡＮＹ,スタンダード（内国株式）,5250,情報・通信業,10,情報通信・サービスその他 ,-,-
20220729,3825,リミックスポイント,スタンダード（内国株式）,5250,情報・通信業,10,情報通信・サービスその他 ,-,-
20220729,3826,システムインテグレータ,スタンダード（内国株式）,5250,情報・通信業,10,情報通信・サービスその他 ,7,TOPIX Small 2
20220729,3840,パス,スタンダード（内国株式）,5250,情報・通信業,10,情報通信・サービスその他 ,-,-
20220729,3841,ジーダット,スタンダード（内国株式）,5250,情報・通信業,10,情報通信・サービスその他 ,-,-
20220729,3845,アイフリークモバイル,スタンダード（内国株式）,5250,情報・通信業,10,情報通信・サービスその他 ,-,-
20220729,3847,パシフィックシステム,スタンダード（内国株式）,5250,情報・通信業,10,情報通信・サービスその他 ,-,-
20220729,3848,データ・アプリケーション,スタンダード（内国株式）,5250,情報・通信業,10,情報通信・サービスその他 ,-,-
20220729,3850,エヌ・ティ・ティ・データ・イントラマート,スタンダード（内国株式）,5250,情報・通信業,10,情報通信・サービスその他 ,-,-
20220729,3851,日本一ソフトウェア,スタンダード（内国株式）,5250,情報・通信業,10,情報通信・サービスその他 ,-,-
20220729,3852,サイバーコム,スタンダード（内国株式）,5250,情報・通信業,10,情報通信・サービスその他 ,7,TOPIX Small 2
20220729,3856,Ａｂａｌａｎｃｅ,スタンダード（内国株式）,3650,電気機器,9,電機・精密 ,-,-
20220729,3857,ラック,スタンダード（内国株式）,5250,情報・通信業,10,情報通信・サービスその他 ,-,-
20220729,3858,ユビキタスＡＩ,スタンダード（内国株式）,5250,情報・通信業,10,情報通信・サービスその他 ,-,-
20220729,3878,巴川製紙所,スタンダード（内国株式）,3150,パルプ・紙,4,素材・化学 ,7,TOPIX Small 2
20220729,3891,ニッポン高度紙工業,スタンダード（内国株式）,3150,パルプ・紙,4,素材・化学 ,-,-
20220729,3892,岡山製紙,スタンダード（内国株式）,3150,パルプ・紙,4,素材・化学 ,-,-
20220729,3895,ハビックス,スタンダード（内国株式）,3150,パルプ・紙,4,素材・化学 ,-,-
20220729,3896,阿波製紙,スタンダード（内国株式）,3150,パルプ・紙,4,素材・化学 ,7,TOPIX Small 2
20220729,3909,ショーケース,スタンダード（内国株式）,5250,情報・通信業,10,情報通信・サービスその他 ,7,TOPIX Small 2
20220729,3910,エムケイシステム,スタンダード（内国株式）,5250,情報・通信業,10,情報通信・サービスその他 ,-,-
20220729,3919,パイプドＨＤ,スタンダード（内国株式）,5250,情報・通信業,10,情報通信・サービスその他 ,7,TOPIX Small 2
20220729,3920,アイビーシー,スタンダード（内国株式）,5250,情報・通信業,10,情報通信・サービスその他 ,7,TOPIX Small 2
20220729,3933,チエル,スタンダード（内国株式）,5250,情報・通信業,10,情報通信・サービスその他 ,-,-
20220729,3943,大石産業,スタンダード（内国株式）,3150,パルプ・紙,4,素材・化学 ,-,-
20220729,3944,古林紙工,スタンダード（内国株式）,3150,パルプ・紙,4,素材・化学 ,-,-
20220729,3945,スーパーバッグ,スタンダード（内国株式）,3150,パルプ・紙,4,素材・化学 ,-,-
20220729,3947,ダイナパック,スタンダード（内国株式）,3150,パルプ・紙,4,素材・化学 ,-,-
20220729,3948,光ビジネスフォーム,スタンダード（内国株式）,3150,パルプ・紙,4,素材・化学 ,-,-
20220729,3951,朝日印刷,スタンダード（内国株式）,3150,パルプ・紙,4,素材・化学 ,-,-
20220729,3953,大村紙業,スタンダード（内国株式）,3150,パルプ・紙,4,素材・化学 ,-,-
20220729,3954,昭和パックス,スタンダード（内国株式）,3150,パルプ・紙,4,素材・化学 ,-,-
20220729,3955,イムラ封筒,スタンダード（内国株式）,3150,パルプ・紙,4,素材・化学 ,-,-
20220729,3965,キャピタル・アセット・プランニング,スタンダード（内国株式）,5250,情報・通信業,10,情報通信・サービスその他 ,7,TOPIX Small 2
20220729,3969,エイトレッド,スタンダード（内国株式）,5250,情報・通信業,10,情報通信・サービスその他 ,7,TOPIX Small 2
20220729,3974,ティビィシィ・スキヤツト,スタンダード（内国株式）,5250,情報・通信業,10,情報通信・サービスその他 ,-,-
20220729,3988,ＳＹＳホールディングス,スタンダード（内国株式）,5250,情報・通信業,10,情報通信・サービスその他 ,-,-
20220729,3997,トレードワークス,スタンダード（内国株式）,5250,情報・通信業,10,情報通信・サービスその他 ,-,-
20220729,4016,ＭＩＴホールディングス,スタンダード（内国株式）,5250,情報・通信業,10,情報通信・サービスその他 ,-,-
20220729,4026,神島化学工業,スタンダード（内国株式）,3400,ガラス・土石製品,3,建設・資材 ,-,-
20220729,4031,片倉コープアグリ,スタンダード（内国株式）,3200,化学,4,素材・化学 ,7,TOPIX Small 2
20220729,4059,まぐまぐ,スタンダード（内国株式）,5250,情報・通信業,10,情報通信・サービスその他 ,-,-
20220729,4080,田中化学研究所,スタンダード（内国株式）,3200,化学,4,素材・化学 ,-,-
20220729,4094,日本化学産業,スタンダード（内国株式）,3200,化学,4,素材・化学 ,-,-
20220729,4102,丸尾カルシウム,スタンダード（内国株式）,3200,化学,4,素材・化学 ,-,-
20220729,4107,伊勢化学工業,スタンダード（内国株式）,3200,化学,4,素材・化学 ,-,-
20220729,4113,田岡化学工業,スタンダード（内国株式）,3200,化学,4,素材・化学 ,-,-
20220729,4119,日本ピグメント,スタンダード（内国株式）,3200,化学,4,素材・化学 ,-,-
20220729,4120,スガイ化学工業,スタンダード（内国株式）,3200,化学,4,素材・化学 ,-,-
20220729,4124,大阪油化工業,スタンダード（内国株式）,3200,化学,4,素材・化学 ,-,-
20220729,4125,三和油化工業,スタンダード（内国株式）,3200,化学,4,素材・化学 ,-,-
20220729,4171,グローバルインフォメーション,スタンダード（内国株式）,5250,情報・通信業,10,情報通信・サービスその他 ,-,-
20220729,4172,東和ハイシステム,スタンダード（内国株式）,5250,情報・通信業,10,情報通信・サービスその他 ,-,-
20220729,4174,アピリッツ,スタンダード（内国株式）,5250,情報・通信業,10,情報通信・サービスその他 ,-,-
20220729,4193,ファブリカコミュニケーションズ,スタンダード（内国株式）,5250,情報・通信業,10,情報通信・サービスその他 ,-,-
20220729,4196,ネオマーケティング,スタンダード（内国株式）,5250,情報・通信業,10,情報通信・サービスその他 ,-,-
20220729,4198,テンダ,スタンダード（内国株式）,5250,情報・通信業,10,情報通信・サービスその他 ,-,-
20220729,4200,ＨＣＳホールディングス,スタンダード（内国株式）,5250,情報・通信業,10,情報通信・サービスその他 ,-,-
20220729,4222,児玉化学工業,スタンダード（内国株式）,3200,化学,4,素材・化学 ,-,-
20220729,4224,ロンシール工業,スタンダード（内国株式）,3200,化学,4,素材・化学 ,-,-
20220729,4231,タイガースポリマー,スタンダード（内国株式）,3200,化学,4,素材・化学 ,7,TOPIX Small 2
20220729,4234,サンエー化研,スタンダード（内国株式）,3200,化学,4,素材・化学 ,-,-
20220729,4235,ウルトラファブリックス・ホールディングス,スタンダード（内国株式）,3200,化学,4,素材・化学 ,-,-
20220729,4237,フジプレアム,スタンダード（内国株式）,3200,化学,4,素材・化学 ,-,-
20220729,4238,ミライアル,スタンダード（内国株式）,3200,化学,4,素材・化学 ,7,TOPIX Small 2
20220729,4241,アテクト,スタンダード（内国株式）,3200,化学,4,素材・化学 ,-,-
20220729,4242,タカギセイコー,スタンダード（内国株式）,3200,化学,4,素材・化学 ,-,-
20220729,4243,ニックス,スタンダード（内国株式）,3200,化学,4,素材・化学 ,-,-
20220729,4247,ポバール興業,スタンダード（内国株式）,3200,化学,4,素材・化学 ,-,-
20220729,4274,細谷火工,スタンダード（内国株式）,3200,化学,4,素材・化学 ,-,-
20220729,4287,ジャストプランニング,スタンダード（内国株式）,5250,情報・通信業,10,情報通信・サービスその他 ,-,-
20220729,4288,アズジェント,スタンダード（内国株式）,5250,情報・通信業,10,情報通信・サービスその他 ,-,-
20220729,4293,セプテーニ・ホールディングス,スタンダード（内国株式）,9050,サービス業,10,情報通信・サービスその他 ,-,-
20220729,4304,Ｅストアー,スタンダード（内国株式）,5250,情報・通信業,10,情報通信・サービスその他 ,-,-
20220729,4312,サイバネットシステム,スタンダード（内国株式）,5250,情報・通信業,10,情報通信・サービスその他 ,7,TOPIX Small 2
20220729,4317,レイ,スタンダード（内国株式）,9050,サービス業,10,情報通信・サービスその他 ,-,-
20220729,4319,ＴＡＣ,スタンダード（内国株式）,9050,サービス業,10,情報通信・サービスその他 ,7,TOPIX Small 2
20220729,4327,日本エス・エイチ・エル,スタンダード（内国株式）,9050,サービス業,10,情報通信・サービスその他 ,-,-
20220729,4334,ユークス,スタンダード（内国株式）,5250,情報・通信業,10,情報通信・サービスその他 ,-,-
20220729,4335,アイ・ピー・エス,スタンダード（内国株式）,5250,情報・通信業,10,情報通信・サービスその他 ,-,-
20220729,4341,西菱電機,スタンダード（内国株式）,9050,サービス業,10,情報通信・サービスその他 ,-,-
20220729,4347,ブロードメディア,スタンダード（内国株式）,9050,サービス業,10,情報通信・サービスその他 ,-,-
20220729,4351,山田債権回収管理総合事務所,スタンダード（内国株式）,7200,その他金融業,16,金融（除く銀行） ,-,-
20220729,4355,ロングライフホールディング,スタンダード（内国株式）,9050,サービス業,10,情報通信・サービスその他 ,-,-
20220729,4356,応用技術,スタンダード（内国株式）,5250,情報・通信業,10,情報通信・サービスその他 ,-,-
20220729,4360,マナック・ケミカル・パートナーズ,スタンダード（内国株式）,3200,化学,4,素材・化学 ,-,-
20220729,4361,川口化学工業,スタンダード（内国株式）,3200,化学,4,素材・化学 ,-,-
20220729,4365,松本油脂製薬,スタンダード（内国株式）,3200,化学,4,素材・化学 ,-,-
20220729,4366,ダイトーケミックス,スタンダード（内国株式）,3200,化学,4,素材・化学 ,-,-
20220729,4367,広栄化学,スタンダード（内国株式）,3200,化学,4,素材・化学 ,-,-
20220729,4386,ＳＩＧグループ,スタンダード（内国株式）,5250,情報・通信業,10,情報通信・サービスその他 ,-,-
20220729,4398,ブロードバンドセキュリティ,スタンダード（内国株式）,5250,情報・通信業,10,情報通信・サービスその他 ,-,-
20220729,4404,ミヨシ油脂,スタンダード（内国株式）,3050,食料品,1,食品 ,7,TOPIX Small 2
20220729,4406,新日本理化,スタンダード（内国株式）,3200,化学,4,素材・化学 ,7,TOPIX Small 2
20220729,4409,東邦化学工業,スタンダード（内国株式）,3200,化学,4,素材・化学 ,-,-
20220729,4421,ディ・アイ・システム,スタンダード（内国株式）,5250,情報・通信業,10,情報通信・サービスその他 ,-,-
20220729,4430,東海ソフト,スタンダード（内国株式）,5250,情報・通信業,10,情報通信・サービスその他 ,7,TOPIX Small 2
20220729,4440,ヴィッツ,スタンダード（内国株式）,5250,情報・通信業,10,情報通信・サービスその他 ,7,TOPIX Small 2
20220729,4464,ソフト９９コーポレーション,スタンダード（内国株式）,3200,化学,4,素材・化学 ,-,-
20220729,4491,コンピューターマネージメント,スタンダード（内国株式）,5250,情報・通信業,10,情報通信・サービスその他 ,-,-
20220729,4492,ゼネテック,スタンダード（内国株式）,5250,情報・通信業,10,情報通信・サービスその他 ,-,-
20220729,4494,バリオセキュア,スタンダード（内国株式）,5250,情報・通信業,10,情報通信・サービスその他 ,-,-
20220729,4499,Ｓｐｅｅｅ,スタンダード（内国株式）,5250,情報・通信業,10,情報通信・サービスその他 ,-,-
20220729,4512,わかもと製薬,スタンダード（内国株式）,3250,医薬品,5,医薬品 ,7,TOPIX Small 2
20220729,4524,森下仁丹,スタンダード（内国株式）,3250,医薬品,5,医薬品 ,-,-
20220729,4531,有機合成薬品工業,スタンダード（内国株式）,3200,化学,4,素材・化学 ,7,TOPIX Small 2
20220729,4556,カイノス,スタンダード（内国株式）,3250,医薬品,5,医薬品 ,-,-
20220729,4558,中京医薬品,スタンダード（内国株式）,3250,医薬品,5,医薬品 ,-,-
20220729,4581,大正製薬ホールディングス,スタンダード（内国株式）,3250,医薬品,5,医薬品 ,4,TOPIX Mid400
20220729,4595,ミズホメディー,スタンダード（内国株式）,3250,医薬品,5,医薬品 ,-,-
20220729,4615,神東塗料,スタンダード（内国株式）,3200,化学,4,素材・化学 ,7,TOPIX Small 2
20220729,4616,川上塗料,スタンダード（内国株式）,3200,化学,4,素材・化学 ,-,-
20220729,4621,ロックペイント,スタンダード（内国株式）,3200,化学,4,素材・化学 ,-,-
20220729,4623,アサヒペン,スタンダード（内国株式）,3200,化学,4,素材・化学 ,-,-
20220729,4624,イサム塗料,スタンダード（内国株式）,3200,化学,4,素材・化学 ,-,-
20220729,4625,アトミクス,スタンダード（内国株式）,3200,化学,4,素材・化学 ,-,-
20220729,4627,ナトコ,スタンダード（内国株式）,3200,化学,4,素材・化学 ,-,-
20220729,4628,エスケー化研,スタンダード（内国株式）,3200,化学,4,素材・化学 ,-,-
20220729,4629,大伸化学,スタンダード（内国株式）,3200,化学,4,素材・化学 ,-,-
20220729,4635,東京インキ,スタンダード（内国株式）,3200,化学,4,素材・化学 ,-,-
20220729,4642,オリジナル設計,スタンダード（内国株式）,9050,サービス業,10,情報通信・サービスその他 ,-,-
20220729,4644,イマジニア,スタンダード（内国株式）,5250,情報・通信業,10,情報通信・サービスその他 ,-,-
20220729,4645,市進ホールディングス,スタンダード（内国株式）,9050,サービス業,10,情報通信・サービスその他 ,-,-
20220729,4650,ＳＤエンターテイメント,スタンダード（内国株式）,9050,サービス業,10,情報通信・サービスその他 ,-,-
20220729,4657,環境管理センター,スタンダード（内国株式）,9050,サービス業,10,情報通信・サービスその他 ,-,-
20220729,4659,エイジス,スタンダード（内国株式）,9050,サービス業,10,情報通信・サービスその他 ,-,-
20220729,4664,アール・エス・シー,スタンダード（内国株式）,9050,サービス業,10,情報通信・サービスその他 ,-,-
20220729,4667,アイサンテクノロジー,スタンダード（内国株式）,5250,情報・通信業,10,情報通信・サービスその他 ,-,-
20220729,4673,川崎地質,スタンダード（内国株式）,9050,サービス業,10,情報通信・サービスその他 ,-,-
20220729,4678,秀英予備校,スタンダード（内国株式）,9050,サービス業,10,情報通信・サービスその他 ,7,TOPIX Small 2
20220729,4679,田谷,スタンダード（内国株式）,9050,サービス業,10,情報通信・サービスその他 ,7,TOPIX Small 2
20220729,4685,菱友システムズ,スタンダード（内国株式）,5250,情報・通信業,10,情報通信・サービスその他 ,-,-
20220729,4690,日本パレットプール,スタンダード（内国株式）,9050,サービス業,10,情報通信・サービスその他 ,-,-
20220729,4691,ワシントンホテル,スタンダード（内国株式）,9050,サービス業,10,情報通信・サービスその他 ,-,-
20220729,4705,クリップコーポレーション,スタンダード（内国株式）,9050,サービス業,10,情報通信・サービスその他 ,-,-
20220729,4707,キタック,スタンダード（内国株式）,9050,サービス業,10,情報通信・サービスその他 ,-,-
20220729,4712,ＫｅｙＨｏｌｄｅｒ,スタンダード（内国株式）,9050,サービス業,10,情報通信・サービスその他 ,-,-
20220729,4716,日本オラクル,スタンダード（内国株式）,5250,情報・通信業,10,情報通信・サービスその他 ,4,TOPIX Mid400
20220729,4720,城南進学研究社,スタンダード（内国株式）,9050,サービス業,10,情報通信・サービスその他 ,-,-
20220729,4728,トーセ,スタンダード（内国株式）,5250,情報・通信業,10,情報通信・サービスその他 ,7,TOPIX Small 2
20220729,4735,京進,スタンダード（内国株式）,9050,サービス業,10,情報通信・サービスその他 ,-,-
20220729,4736,日本ラッド,スタンダード（内国株式）,5250,情報・通信業,10,情報通信・サービスその他 ,-,-
20220729,4746,東計電算,スタンダード（内国株式）,5250,情報・通信業,10,情報通信・サービスその他 ,7,TOPIX Small 2
20220729,4748,構造計画研究所,スタンダード（内国株式）,5250,情報・通信業,10,情報通信・サービスその他 ,-,-
20220729,4750,ダイサン,スタンダード（内国株式）,9050,サービス業,10,情報通信・サービスその他 ,-,-
20220729,4752,昭和システムエンジニアリング,スタンダード（内国株式）,5250,情報・通信業,10,情報通信・サービスその他 ,-,-
20220729,4754,トスネット,スタンダード（内国株式）,9050,サービス業,10,情報通信・サービスその他 ,-,-
20220729,4760,アルファ,スタンダード（内国株式）,9050,サービス業,10,情報通信・サービスその他 ,-,-
20220729,4761,さくらケーシーエス,スタンダード（内国株式）,5250,情報・通信業,10,情報通信・サービスその他 ,-,-
20220729,4762,エックスネット,スタンダード（内国株式）,5250,情報・通信業,10,情報通信・サービスその他 ,7,TOPIX Small 2
20220729,4766,ピーエイ,スタンダード（内国株式）,9050,サービス業,10,情報通信・サービスその他 ,-,-
20220729,4769,ＩＣ,スタンダード（内国株式）,5250,情報・通信業,10,情報通信・サービスその他 ,-,-
20220729,4770,図研エルミック,スタンダード（内国株式）,5250,情報・通信業,10,情報通信・サービスその他 ,-,-
20220729,4771,エフアンドエム,スタンダード（内国株式）,9050,サービス業,10,情報通信・サービスその他 ,-,-
20220729,4777,ガーラ,スタンダード（内国株式）,5250,情報・通信業,10,情報通信・サービスその他 ,-,-
20220729,4781,日本ハウズイング,スタンダード（内国株式）,9050,サービス業,10,情報通信・サービスその他 ,-,-
20220729,4783,日本コンピュータ・ダイナミクス,スタンダード（内国株式）,5250,情報・通信業,10,情報通信・サービスその他 ,-,-
20220729,4784,ＧＭＯアドパートナーズ,スタンダード（内国株式）,9050,サービス業,10,情報通信・サービスその他 ,-,-
20220729,4800,オリコン,スタンダード（内国株式）,5250,情報・通信業,10,情報通信・サービスその他 ,-,-
20220729,4814,ネクストウェア,スタンダード（内国株式）,5250,情報・通信業,10,情報通信・サービスその他 ,-,-
20220729,4816,東映アニメーション,スタンダード（内国株式）,5250,情報・通信業,10,情報通信・サービスその他 ,-,-
20220729,4829,日本エンタープライズ,スタンダード（内国株式）,5250,情報・通信業,10,情報通信・サービスその他 ,7,TOPIX Small 2
20220729,4832,ＪＦＥシステムズ,スタンダード（内国株式）,5250,情報・通信業,10,情報通信・サービスその他 ,-,-
20220729,4837,シダックス,スタンダード（内国株式）,9050,サービス業,10,情報通信・サービスその他 ,-,-
20220729,4838,スペースシャワーネットワーク,スタンダード（内国株式）,5250,情報・通信業,10,情報通信・サービスその他 ,-,-
20220729,4885,室町ケミカル,スタンダード（内国株式）,3250,医薬品,5,医薬品 ,-,-
20220729,4918,アイビー化粧品,スタンダード（内国株式）,3200,化学,4,素材・化学 ,-,-
20220729,4920,日本色材工業研究所,スタンダード（内国株式）,3200,化学,4,素材・化学 ,-,-
20220729,4925,ハーバー研究所,スタンダード（内国株式）,3200,化学,4,素材・化学 ,-,-
20220729,4926,シーボン,スタンダード（内国株式）,3200,化学,4,素材・化学 ,7,TOPIX Small 2
20220729,4930,グラフィコ,スタンダード（内国株式）,3200,化学,4,素材・化学 ,-,-
20220729,4932,アルマード,スタンダード（内国株式）,3200,化学,4,素材・化学 ,-,-
20220729,4935,リベルタ,スタンダード（内国株式）,3200,化学,4,素材・化学 ,-,-
20220729,4957,ヤスハラケミカル,スタンダード（内国株式）,3200,化学,4,素材・化学 ,-,-
20220729,4960,ケミプロ化成,スタンダード（内国株式）,3200,化学,4,素材・化学 ,-,-
20220729,4966,上村工業,スタンダード（内国株式）,3200,化学,4,素材・化学 ,-,-
20220729,4970,東洋合成工業,スタンダード（内国株式）,3200,化学,4,素材・化学 ,-,-
20220729,4972,綜研化学,スタンダード（内国株式）,3200,化学,4,素材・化学 ,-,-
20220729,4976,東洋ドライルーブ,スタンダード（内国株式）,3200,化学,4,素材・化学 ,-,-
20220729,4987,寺岡製作所,スタンダード（内国株式）,3200,化学,4,素材・化学 ,-,-
20220729,4990,昭和化学工業,スタンダード（内国株式）,3200,化学,4,素材・化学 ,-,-
20220729,4992,北興化学工業,スタンダード（内国株式）,3200,化学,4,素材・化学 ,7,TOPIX Small 2
20220729,4994,大成ラミック,スタンダード（内国株式）,3200,化学,4,素材・化学 ,7,TOPIX Small 2
20220729,4998,フマキラー,スタンダード（内国株式）,3200,化学,4,素材・化学 ,-,-
20220729,5008,東亜石油,スタンダード（内国株式）,3300,石油・石炭製品,2,エネルギー資源 ,-,-
20220729,5009,富士興産,スタンダード（内国株式）,6050,卸売業,13,商社・卸売 ,7,TOPIX Small 2
20220729,5010,日本精蝋,スタンダード（内国株式）,3300,石油・石炭製品,2,エネルギー資源 ,-,-
20220729,5013,ユシロ化学工業,スタンダード（内国株式）,3300,石油・石炭製品,2,エネルギー資源 ,7,TOPIX Small 2
20220729,5015,ビーピー・カストロール,スタンダード（内国株式）,3300,石油・石炭製品,2,エネルギー資源 ,7,TOPIX Small 2
20220729,5071,ヴィス,スタンダード（内国株式）,2050,建設業,3,建設・資材 ,-,-
20220729,5078,セレコーポレーション,スタンダード（内国株式）,2050,建設業,3,建設・資材 ,-,-
20220729,5079,ノバック,スタンダード（内国株式）,2050,建設業,3,建設・資材 ,-,-
20220729,5103,昭和ホールディングス,スタンダード（内国株式）,3350,ゴム製品,6,自動車・輸送機 ,-,-
20220729,5104,日東化工,スタンダード（内国株式）,3350,ゴム製品,6,自動車・輸送機 ,-,-
20220729,5161,西川ゴム工業,スタンダード（内国株式）,3350,ゴム製品,6,自動車・輸送機 ,-,-
20220729,5162,朝日ラバー,スタンダード（内国株式）,3350,ゴム製品,6,自動車・輸送機 ,-,-
20220729,5184,ニチリン,スタンダード（内国株式）,3350,ゴム製品,6,自動車・輸送機 ,-,-
20220729,5187,クリエートメディック,スタンダード（内国株式）,3750,精密機器,9,電機・精密 ,7,TOPIX Small 2
20220729,5189,櫻護謨,スタンダード（内国株式）,3350,ゴム製品,6,自動車・輸送機 ,-,-
20220729,5194,相模ゴム工業,スタンダード（内国株式）,3350,ゴム製品,6,自動車・輸送機 ,-,-
20220729,5199,不二ラテックス,スタンダード（内国株式）,3350,ゴム製品,6,自動車・輸送機 ,-,-
20220729,5204,石塚硝子,スタンダード（内国株式）,3400,ガラス・土石製品,3,建設・資材 ,7,TOPIX Small 2
20220729,5210,日本山村硝子,スタンダード（内国株式）,3400,ガラス・土石製品,3,建設・資材 ,7,TOPIX Small 2
20220729,5212,不二硝子,スタンダード（内国株式）,3400,ガラス・土石製品,3,建設・資材 ,-,-
20220729,5216,倉元製作所,スタンダード（内国株式）,3400,ガラス・土石製品,3,建設・資材 ,-,-
20220729,5217,テクノクオーツ,スタンダード（内国株式）,3400,ガラス・土石製品,3,建設・資材 ,-,-
20220729,5218,オハラ,スタンダード（内国株式）,3400,ガラス・土石製品,3,建設・資材 ,7,TOPIX Small 2
20220729,5237,ノザワ,スタンダード（内国株式）,3400,ガラス・土石製品,3,建設・資材 ,-,-
20220729,5268,旭コンクリート工業,スタンダード（内国株式）,3400,ガラス・土石製品,3,建設・資材 ,-,-
20220729,5271,トーヨーアサノ,スタンダード（内国株式）,3400,ガラス・土石製品,3,建設・資材 ,-,-
20220729,5273,三谷セキサン,スタンダード（内国株式）,3400,ガラス・土石製品,3,建設・資材 ,7,TOPIX Small 2
20220729,5277,スパンクリートコーポレーション,スタンダード（内国株式）,3400,ガラス・土石製品,3,建設・資材 ,-,-
20220729,5279,日本興業,スタンダード（内国株式）,3400,ガラス・土石製品,3,建設・資材 ,-,-
20220729,5280,ヨシコン,スタンダード（内国株式）,8050,不動産業,17,不動産 ,-,-
20220729,5282,ジオスター,スタンダード（内国株式）,3400,ガラス・土石製品,3,建設・資材 ,-,-
20220729,5283,高見澤,スタンダード（内国株式）,6050,卸売業,13,商社・卸売 ,-,-
20220729,5284,ヤマウホールディングス,スタンダード（内国株式）,3400,ガラス・土石製品,3,建設・資材 ,-,-
20220729,5285,ヤマックス,スタンダード（内国株式）,3400,ガラス・土石製品,3,建設・資材 ,-,-
20220729,5287,イトーヨーギョー,スタンダード（内国株式）,3400,ガラス・土石製品,3,建設・資材 ,-,-
20220729,5290,ベルテクスコーポレーション,スタンダード（内国株式）,3400,ガラス・土石製品,3,建設・資材 ,-,-
20220729,5304,ＳＥＣカーボン,スタンダード（内国株式）,3400,ガラス・土石製品,3,建設・資材 ,-,-
20220729,5337,ダントーホールディングス,スタンダード（内国株式）,3400,ガラス・土石製品,3,建設・資材 ,7,TOPIX Small 2
20220729,5341,アサヒ衛陶,スタンダード（内国株式）,3400,ガラス・土石製品,3,建設・資材 ,-,-
20220729,5355,日本坩堝,スタンダード（内国株式）,3400,ガラス・土石製品,3,建設・資材 ,-,-
20220729,5363,東京窯業,スタンダード（内国株式）,3400,ガラス・土石製品,3,建設・資材 ,7,TOPIX Small 2
20220729,5368,日本インシュレーション,スタンダード（内国株式）,3400,ガラス・土石製品,3,建設・資材 ,-,-
20220729,5380,新東,スタンダード（内国株式）,3400,ガラス・土石製品,3,建設・資材 ,-,-
20220729,5381,Ｍｉｐｏｘ,スタンダード（内国株式）,3400,ガラス・土石製品,3,建設・資材 ,-,-
20220729,5386,鶴弥,スタンダード（内国株式）,3400,ガラス・土石製品,3,建設・資材 ,-,-
20220729,5388,クニミネ工業,スタンダード（内国株式）,3400,ガラス・土石製品,3,建設・資材 ,7,TOPIX Small 2
20220729,5391,エーアンドエーマテリアル,スタンダード（内国株式）,3400,ガラス・土石製品,3,建設・資材 ,7,TOPIX Small 2
20220729,5395,理研コランダム,スタンダード（内国株式）,3400,ガラス・土石製品,3,建設・資材 ,-,-
20220729,5446,北越メタル,スタンダード（内国株式）,3450,鉄鋼,7,鉄鋼・非鉄 ,-,-
20220729,5449,大阪製鐵,スタンダード（内国株式）,3450,鉄鋼,7,鉄鋼・非鉄 ,7,TOPIX Small 2
20220729,5458,高砂鐵工,スタンダード（内国株式）,3450,鉄鋼,7,鉄鋼・非鉄 ,-,-
20220729,5464,モリ工業,スタンダード（内国株式）,3450,鉄鋼,7,鉄鋼・非鉄 ,7,TOPIX Small 2
20220729,5476,日本高周波鋼業,スタンダード（内国株式）,3450,鉄鋼,7,鉄鋼・非鉄 ,7,TOPIX Small 2
20220729,5484,東北特殊鋼,スタンダード（内国株式）,3450,鉄鋼,7,鉄鋼・非鉄 ,-,-
20220729,5542,新報国マテリアル,スタンダード（内国株式）,3450,鉄鋼,7,鉄鋼・非鉄 ,-,-
20220729,5603,虹技,スタンダード（内国株式）,3450,鉄鋼,7,鉄鋼・非鉄 ,7,TOPIX Small 2
20220729,5609,日本鋳造,スタンダード（内国株式）,3450,鉄鋼,7,鉄鋼・非鉄 ,-,-
20220729,5610,大和重工,スタンダード（内国株式）,3450,鉄鋼,7,鉄鋼・非鉄 ,-,-
20220729,5612,日本鋳鉄管,スタンダード（内国株式）,3450,鉄鋼,7,鉄鋼・非鉄 ,7,TOPIX Small 2
20220729,5644,メタルアート,スタンダード（内国株式）,3450,鉄鋼,7,鉄鋼・非鉄 ,-,-
20220729,5658,日亜鋼業,スタンダード（内国株式）,3450,鉄鋼,7,鉄鋼・非鉄 ,7,TOPIX Small 2
20220729,5660,神鋼鋼線工業,スタンダード（内国株式）,3450,鉄鋼,7,鉄鋼・非鉄 ,-,-
20220729,5695,パウダーテック,スタンダード（内国株式）,3450,鉄鋼,7,鉄鋼・非鉄 ,-,-
20220729,5697,サンユウ,スタンダード（内国株式）,3450,鉄鋼,7,鉄鋼・非鉄 ,-,-
20220729,5699,イボキン,スタンダード（内国株式）,3450,鉄鋼,7,鉄鋼・非鉄 ,-,-
20220729,5721,エス・サイエンス,スタンダード（内国株式）,3500,非鉄金属,7,鉄鋼・非鉄 ,7,TOPIX Small 2
20220729,5724,アサカ理研,スタンダード（内国株式）,3500,非鉄金属,7,鉄鋼・非鉄 ,-,-
20220729,5729,日本精鉱,スタンダード（内国株式）,3500,非鉄金属,7,鉄鋼・非鉄 ,-,-
20220729,5742,エヌアイシ・オートテック,スタンダード（内国株式）,3500,非鉄金属,7,鉄鋼・非鉄 ,-,-
20220729,5753,日本伸銅,スタンダード（内国株式）,3500,非鉄金属,7,鉄鋼・非鉄 ,-,-
20220729,5781,東邦金属,スタンダード（内国株式）,3500,非鉄金属,7,鉄鋼・非鉄 ,-,-
20220729,5807,東京特殊電線,スタンダード（内国株式）,3500,非鉄金属,7,鉄鋼・非鉄 ,7,TOPIX Small 2
20220729,5816,オーナンバ,スタンダード（内国株式）,3500,非鉄金属,7,鉄鋼・非鉄 ,-,-
20220729,5817,ＪＭＡＣＳ,スタンダード（内国株式）,3500,非鉄金属,7,鉄鋼・非鉄 ,-,-
20220729,5819,カナレ電気,スタンダード（内国株式）,3500,非鉄金属,7,鉄鋼・非鉄 ,7,TOPIX Small 2
20220729,5820,三ッ星,スタンダード（内国株式）,3500,非鉄金属,7,鉄鋼・非鉄 ,-,-
20220729,5856,エルアイイーエイチ,スタンダード（内国株式）,6100,小売業,14,小売 ,-,-
20220729,5900,ダイケン,スタンダード（内国株式）,3550,金属製品,3,建設・資材 ,-,-
20220729,5903,シンポ,スタンダード（内国株式）,3550,金属製品,3,建設・資材 ,-,-
20220729,5905,日本製罐,スタンダード（内国株式）,3550,金属製品,3,建設・資材 ,-,-
20220729,5906,エムケー精工,スタンダード（内国株式）,3550,金属製品,3,建設・資材 ,-,-
20220729,5909,コロナ,スタンダード（内国株式）,3550,金属製品,3,建設・資材 ,7,TOPIX Small 2
20220729,5918,瀧上工業,スタンダード（内国株式）,3550,金属製品,3,建設・資材 ,-,-
20220729,5921,川岸工業,スタンダード（内国株式）,3550,金属製品,3,建設・資材 ,-,-
20220729,5922,那須電機鉄工,スタンダード（内国株式）,3550,金属製品,3,建設・資材 ,-,-
20220729,5923,高田機工,スタンダード（内国株式）,3550,金属製品,3,建設・資材 ,7,TOPIX Small 2
20220729,5928,アルメタックス,スタンダード（内国株式）,3550,金属製品,3,建設・資材 ,-,-
20220729,5935,元旦ビューティ工業,スタンダード（内国株式）,3550,金属製品,3,建設・資材 ,-,-
20220729,5936,東洋シヤッター,スタンダード（内国株式）,3550,金属製品,3,建設・資材 ,7,TOPIX Small 2
20220729,5939,大谷工業,スタンダード（内国株式）,3550,金属製品,3,建設・資材 ,-,-
20220729,5940,不二サッシ,スタンダード（内国株式）,3550,金属製品,3,建設・資材 ,-,-
20220729,5941,中西製作所,スタンダード（内国株式）,3550,金属製品,3,建設・資材 ,-,-
20220729,5942,日本フイルコン,スタンダード（内国株式）,3550,金属製品,3,建設・資材 ,7,TOPIX Small 2
20220729,5945,天龍製鋸,スタンダード（内国株式）,3550,金属製品,3,建設・資材 ,-,-
20220729,5950,日本パワーファスニング,スタンダード（内国株式）,3550,金属製品,3,建設・資材 ,-,-
20220729,5951,ダイニチ工業,スタンダード（内国株式）,3550,金属製品,3,建設・資材 ,7,TOPIX Small 2
20220729,5952,アマテイ,スタンダード（内国株式）,3550,金属製品,3,建設・資材 ,-,-
20220729,5955,ヤマシナ,スタンダード（内国株式）,3550,金属製品,3,建設・資材 ,-,-
20220729,5956,トーソー,スタンダード（内国株式）,3550,金属製品,3,建設・資材 ,-,-
20220729,5958,三洋工業,スタンダード（内国株式）,3550,金属製品,3,建設・資材 ,7,TOPIX Small 2
20220729,5962,浅香工業,スタンダード（内国株式）,3800,その他製品,10,情報通信・サービスその他 ,-,-
20220729,5964,東洋刃物,スタンダード（内国株式）,3550,金属製品,3,建設・資材 ,-,-
20220729,5965,フジマック,スタンダード（内国株式）,3550,金属製品,3,建設・資材 ,-,-
20220729,5966,京都機械工具,スタンダード（内国株式）,3550,金属製品,3,建設・資材 ,-,-
20220729,5967,ＴＯＮＥ,スタンダード（内国株式）,3550,金属製品,3,建設・資材 ,-,-
20220729,5969,ロブテックス,スタンダード（内国株式）,3550,金属製品,3,建設・資材 ,-,-
20220729,5971,共和工業所,スタンダード（内国株式）,3550,金属製品,3,建設・資材 ,-,-
20220729,5973,トーアミ,スタンダード（内国株式）,3550,金属製品,3,建設・資材 ,-,-
20220729,5974,中国工業,スタンダード（内国株式）,3550,金属製品,3,建設・資材 ,-,-
20220729,5982,マルゼン,スタンダード（内国株式）,3550,金属製品,3,建設・資材 ,-,-
20220729,5983,イワブチ,スタンダード（内国株式）,3550,金属製品,3,建設・資材 ,-,-
20220729,5984,兼房,スタンダード（内国株式）,3550,金属製品,3,建設・資材 ,-,-
20220729,5986,モリテック　スチール,スタンダード（内国株式）,3550,金属製品,3,建設・資材 ,7,TOPIX Small 2
20220729,5987,オーネックス,スタンダード（内国株式）,3550,金属製品,3,建設・資材 ,-,-
20220729,5990,スーパーツール,スタンダード（内国株式）,3550,金属製品,3,建設・資材 ,-,-
20220729,5994,ファインシンター,スタンダード（内国株式）,3550,金属製品,3,建設・資材 ,-,-
20220729,5997,協立エアテック,スタンダード（内国株式）,3550,金属製品,3,建設・資材 ,-,-
20220729,5998,アドバネクス,スタンダード（内国株式）,3550,金属製品,3,建設・資材 ,7,TOPIX Small 2
20220729,5999,イハラサイエンス,スタンダード（内国株式）,3550,金属製品,3,建設・資材 ,-,-
20220729,6016,ジャパンエンジンコーポレーション,スタンダード（内国株式）,3700,輸送用機器,6,自動車・輸送機 ,-,-
20220729,6018,阪神内燃機工業,スタンダード（内国株式）,3700,輸送用機器,6,自動車・輸送機 ,-,-
20220729,6022,赤阪鐵工所,スタンダード（内国株式）,3600,機械,8,機械 ,-,-
20220729,6023,ダイハツディーゼル,スタンダード（内国株式）,3700,輸送用機器,6,自動車・輸送機 ,-,-
20220729,6029,アトラグループ,スタンダード（内国株式）,9050,サービス業,10,情報通信・サービスその他 ,7,TOPIX Small 2
20220729,6032,インターワークス,スタンダード（内国株式）,9050,サービス業,10,情報通信・サービスその他 ,7,TOPIX Small 2
20220729,6037,ファーストロジック,スタンダード（内国株式）,9050,サービス業,10,情報通信・サービスその他 ,7,TOPIX Small 2
20220729,6042,ニッキ,スタンダード（内国株式）,3700,輸送用機器,6,自動車・輸送機 ,-,-
20220729,6044,三機サービス,スタンダード（内国株式）,9050,サービス業,10,情報通信・サービスその他 ,7,TOPIX Small 2
20220729,6048,デザインワン・ジャパン,スタンダード（内国株式）,9050,サービス業,10,情報通信・サービスその他 ,7,TOPIX Small 2
20220729,6059,ウチヤマホールディングス,スタンダード（内国株式）,9050,サービス業,10,情報通信・サービスその他 ,7,TOPIX Small 2
20220729,6060,こころネット,スタンダード（内国株式）,9050,サービス業,10,情報通信・サービスその他 ,-,-
20220729,6061,ユニバーサル園芸社,スタンダード（内国株式）,9050,サービス業,10,情報通信・サービスその他 ,-,-
20220729,6063,日本エマージェンシーアシスタンス,スタンダード（内国株式）,9050,サービス業,10,情報通信・サービスその他 ,-,-
20220729,6074,ジェイエスエス,スタンダード（内国株式）,9050,サービス業,10,情報通信・サービスその他 ,-,-
20220729,6083,ＥＲＩホールディングス,スタンダード（内国株式）,9050,サービス業,10,情報通信・サービスその他 ,7,TOPIX Small 2
20220729,6091,ウエスコホールディングス,スタンダード（内国株式）,9050,サービス業,10,情報通信・サービスその他 ,-,-
20220729,6121,滝澤鉄工所,スタンダード（内国株式）,3600,機械,8,機械 ,7,TOPIX Small 2
20220729,6125,岡本工作機械製作所,スタンダード（内国株式）,3600,機械,8,機械 ,-,-
20220729,6131,浜井産業,スタンダード（内国株式）,3600,機械,8,機械 ,-,-
20220729,6137,小池酸素工業,スタンダード（内国株式）,3600,機械,8,機械 ,-,-
20220729,6138,ダイジェット工業,スタンダード（内国株式）,3600,機械,8,機械 ,7,TOPIX Small 2
20220729,6144,西部電機,スタンダード（内国株式）,3600,機械,8,機械 ,-,-
20220729,6145,ＮＩＴＴＯＫＵ,スタンダード（内国株式）,3600,機械,8,機械 ,-,-
20220729,6147,ヤマザキ,スタンダード（内国株式）,3600,機械,8,機械 ,-,-
20220729,6149,小田原エンジニアリング,スタンダード（内国株式）,3600,機械,8,機械 ,-,-
20220729,6150,タケダ機械,スタンダード（内国株式）,3600,機械,8,機械 ,-,-
20220729,6155,高松機械工業,スタンダード（内国株式）,3600,機械,8,機械 ,-,-
20220729,6156,エーワン精密,スタンダード（内国株式）,3600,機械,8,機械 ,-,-
20220729,6158,和井田製作所,スタンダード（内国株式）,3600,機械,8,機械 ,-,-
20220729,6159,ミクロン精密,スタンダード（内国株式）,3600,機械,8,機械 ,-,-
20220729,6161,エスティック,スタンダード（内国株式）,3600,機械,8,機械 ,-,-
20220729,6164,太陽工機,スタンダード（内国株式）,3600,機械,8,機械 ,-,-
20220729,6175,ネットマーケティング,スタンダード（内国株式）,9050,サービス業,10,情報通信・サービスその他 ,7,TOPIX Small 2
20220729,6186,一蔵,スタンダード（内国株式）,9050,サービス業,10,情報通信・サービスその他 ,7,TOPIX Small 2
20220729,6188,富士ソフトサービスビューロ,スタンダード（内国株式）,9050,サービス業,10,情報通信・サービスその他 ,-,-
20220729,6205,ニデックオーケーケー,スタンダード（内国株式）,3600,機械,8,機械 ,7,TOPIX Small 2
20220729,6208,石川製作所,スタンダード（内国株式）,3600,機械,8,機械 ,7,TOPIX Small 2
20220729,6217,津田駒工業,スタンダード（内国株式）,3600,機械,8,機械 ,7,TOPIX Small 2
20220729,6226,守谷輸送機工業,スタンダード（内国株式）,3600,機械,8,機械 ,-,-
20220729,6227,ＡＩメカテック,スタンダード（内国株式）,3600,機械,8,機械 ,-,-
20220729,6229,オーケーエム,スタンダード（内国株式）,3600,機械,8,機械 ,-,-
20220729,6230,ＳＡＮＥＩ,スタンダード（内国株式）,3600,機械,8,機械 ,-,-
20220729,6231,木村工機,スタンダード（内国株式）,3600,機械,8,機械 ,-,-
20220729,6233,極東産機,スタンダード（内国株式）,3600,機械,8,機械 ,-,-
20220729,6236,ＮＣホールディングス,スタンダード（内国株式）,3600,機械,8,機械 ,7,TOPIX Small 2
20220729,6239,ナガオカ,スタンダード（内国株式）,3600,機械,8,機械 ,-,-
20220729,6245,ヒラノテクシード,スタンダード（内国株式）,3600,機械,8,機械 ,-,-
20220729,6246,テクノスマート,スタンダード（内国株式）,3600,機械,8,機械 ,-,-
20220729,6248,横田製作所,スタンダード（内国株式）,3600,機械,8,機械 ,-,-
20220729,6249,ゲームカード・ジョイコホールディングス,スタンダード（内国株式）,3600,機械,8,機械 ,-,-
20220729,6257,藤商事,スタンダード（内国株式）,3600,機械,8,機械 ,-,-
20220729,6265,コンバム,スタンダード（内国株式）,3600,機械,8,機械 ,-,-
20220729,6267,ゼネラルパッカー,スタンダード（内国株式）,3600,機械,8,機械 ,-,-
20220729,6276,シリウスビジョン,スタンダード（内国株式）,3600,機械,8,機械 ,-,-
20220729,6279,瑞光,スタンダード（内国株式）,3600,機械,8,機械 ,-,-
20220729,6286,靜甲,スタンダード（内国株式）,3600,機械,8,機械 ,-,-
20220729,6292,カワタ,スタンダード（内国株式）,3600,機械,8,機械 ,7,TOPIX Small 2
20220729,6297,鉱研工業,スタンダード（内国株式）,3600,機械,8,機械 ,-,-
20220729,6303,ササクラ,スタンダード（内国株式）,3600,機械,8,機械 ,-,-
20220729,6307,サンセイ,スタンダード（内国株式）,3600,機械,8,機械 ,-,-
20220729,6312,フロイント産業,スタンダード（内国株式）,3600,機械,8,機械 ,-,-
20220729,6316,丸山製作所,スタンダード（内国株式）,3600,機械,8,機械 ,7,TOPIX Small 2
20220729,6319,シンニッタン,スタンダード（内国株式）,3450,鉄鋼,7,鉄鋼・非鉄 ,7,TOPIX Small 2
20220729,6322,タクミナ,スタンダード（内国株式）,3600,機械,8,機械 ,-,-
20220729,6324,ハーモニック・ドライブ・システムズ,スタンダード（内国株式）,3600,機械,8,機械 ,-,-
20220729,6325,タカキタ,スタンダード（内国株式）,3600,機械,8,機械 ,7,TOPIX Small 2
20220729,6327,北川精機,スタンダード（内国株式）,3600,機械,8,機械 ,-,-
20220729,6334,明治機械,スタンダード（内国株式）,3600,機械,8,機械 ,-,-
20220729,6335,東京機械製作所,スタンダード（内国株式）,3600,機械,8,機械 ,7,TOPIX Small 2
20220729,6336,石井表記,スタンダード（内国株式）,3600,機械,8,機械 ,-,-
20220729,6337,テセック,スタンダード（内国株式）,3600,機械,8,機械 ,-,-
20220729,6338,タカトリ,スタンダード（内国株式）,3600,機械,8,機械 ,-,-
20220729,6342,太平製作所,スタンダード（内国株式）,3600,機械,8,機械 ,-,-
20220729,6343,フリージア・マクロス,スタンダード（内国株式）,3600,機械,8,機械 ,-,-
20220729,6346,キクカワエンタープライズ,スタンダード（内国株式）,3600,機械,8,機械 ,-,-
20220729,6347,プラコー,スタンダード（内国株式）,3600,機械,8,機械 ,-,-
20220729,6355,住友精密工業,スタンダード（内国株式）,3600,機械,8,機械 ,7,TOPIX Small 2
20220729,6356,日本ギア工業,スタンダード（内国株式）,3600,機械,8,機械 ,7,TOPIX Small 2
20220729,6357,三精テクノロジーズ,スタンダード（内国株式）,3600,機械,8,機械 ,-,-
20220729,6360,東京自働機械製作所,スタンダード（内国株式）,3600,機械,8,機械 ,-,-
20220729,6362,石井鐵工所,スタンダード（内国株式）,3600,機械,8,機械 ,7,TOPIX Small 2
20220729,6365,電業社機械製作所,スタンダード（内国株式）,3600,機械,8,機械 ,-,-
20220729,6366,千代田化工建設,スタンダード（内国株式）,2050,建設業,3,建設・資材 ,-,-
20220729,6373,大同工業,スタンダード（内国株式）,3600,機械,8,機械 ,7,TOPIX Small 2
20220729,6378,木村化工機,スタンダード（内国株式）,3600,機械,8,機械 ,7,TOPIX Small 2
20220729,6380,オリエンタルチエン工業,スタンダード（内国株式）,3600,機械,8,機械 ,-,-
20220729,6382,トリニティ工業,スタンダード（内国株式）,3600,機械,8,機械 ,-,-
20220729,6384,昭和真空,スタンダード（内国株式）,3600,機械,8,機械 ,-,-
20220729,6391,加地テック,スタンダード（内国株式）,3600,機械,8,機械 ,-,-
20220729,6392,ヤマダコーポレーション,スタンダード（内国株式）,3600,機械,8,機械 ,-,-
20220729,6393,油研工業,スタンダード（内国株式）,3600,機械,8,機械 ,7,TOPIX Small 2
20220729,6396,宇野澤組鐵工所,スタンダード（内国株式）,3600,機械,8,機械 ,-,-
20220729,6400,不二精機,スタンダード（内国株式）,3600,機械,8,機械 ,-,-
20220729,6402,兼松エンジニアリング,スタンダード（内国株式）,3600,機械,8,機械 ,-,-
20220729,6403,水道機工,スタンダード（内国株式）,3600,機械,8,機械 ,-,-
20220729,6405,鈴茂器工,スタンダード（内国株式）,3600,機械,8,機械 ,-,-
20220729,6408,小倉クラッチ,スタンダード（内国株式）,3600,機械,8,機械 ,-,-
20220729,6411,中野冷機,スタンダード（内国株式）,3600,機械,8,機械 ,-,-
20220729,6416,桂川電機,スタンダード（内国株式）,3600,機械,8,機械 ,-,-
20220729,6424,高見沢サイバネティックス,スタンダード（内国株式）,3600,機械,8,機械 ,-,-
20220729,6425,ユニバーサルエンターテインメント,スタンダード（内国株式）,3600,機械,8,機械 ,-,-
20220729,6433,ヒーハイスト,スタンダード（内国株式）,3600,機械,8,機械 ,-,-
20220729,6466,ＴＶＥ,スタンダード（内国株式）,3600,機械,8,機械 ,-,-
20220729,6467,ニチダイ,スタンダード（内国株式）,3600,機械,8,機械 ,-,-
20220729,6469,放電精密加工研究所,スタンダード（内国株式）,3600,機械,8,機械 ,-,-
20220729,6484,ＫＶＫ,スタンダード（内国株式）,3600,機械,8,機械 ,-,-
20220729,6488,ヨシタケ,スタンダード（内国株式）,3600,機械,8,機械 ,-,-
20220729,6489,前澤工業,スタンダード（内国株式）,3600,機械,8,機械 ,7,TOPIX Small 2
20220729,6492,岡野バルブ製造,スタンダード（内国株式）,3600,機械,8,機械 ,-,-
20220729,6493,ＮＩＴＴＡＮ,スタンダード（内国株式）,3700,輸送用機器,6,自動車・輸送機 ,-,-
20220729,6494,ＮＦＫホールディングス,スタンダード（内国株式）,3600,機械,8,機械 ,-,-
20220729,6495,宮入バルブ製作所,スタンダード（内国株式）,3600,機械,8,機械 ,-,-
20220729,6496,中北製作所,スタンダード（内国株式）,3600,機械,8,機械 ,-,-
20220729,6497,ハマイ,スタンダード（内国株式）,3600,機械,8,機械 ,-,-
20220729,6505,東洋電機製造,スタンダード（内国株式）,3650,電気機器,9,電機・精密 ,7,TOPIX Small 2
20220729,6513,オリジン,スタンダード（内国株式）,3650,電気機器,9,電機・精密 ,7,TOPIX Small 2
20220729,6518,三相電機,スタンダード（内国株式）,3650,電気機器,9,電機・精密 ,-,-
20220729,6524,湖北工業,スタンダード（内国株式）,3650,電気機器,9,電機・精密 ,-,-
20220729,6540,船場,スタンダード（内国株式）,9050,サービス業,10,情報通信・サービスその他 ,7,TOPIX Small 2
20220729,6542,ＦＣホールディングス,スタンダード（内国株式）,9050,サービス業,10,情報通信・サービスその他 ,-,-
20220729,6543,日宣,スタンダード（内国株式）,9050,サービス業,10,情報通信・サービスその他 ,-,-
20220729,6546,フルテック,スタンダード（内国株式）,9050,サービス業,10,情報通信・サービスその他 ,7,TOPIX Small 2
20220729,6547,グリーンズ,スタンダード（内国株式）,9050,サービス業,10,情報通信・サービスその他 ,7,TOPIX Small 2
20220729,6549,ディーエムソリューションズ,スタンダード（内国株式）,9050,サービス業,10,情報通信・サービスその他 ,-,-
20220729,6551,ツナググループ・ホールディングス,スタンダード（内国株式）,9050,サービス業,10,情報通信・サービスその他 ,7,TOPIX Small 2
20220729,6552,ＧａｍｅＷｉｔｈ,スタンダード（内国株式）,9050,サービス業,10,情報通信・サービスその他 ,7,TOPIX Small 2
20220729,6555,ＭＳ＆Ｃｏｎｓｕｌｔｉｎｇ,スタンダード（内国株式）,9050,サービス業,10,情報通信・サービスその他 ,7,TOPIX Small 2
20220729,6565,ＡＢホテル,スタンダード（内国株式）,9050,サービス業,10,情報通信・サービスその他 ,-,-
20220729,6566,要興業,スタンダード（内国株式）,9050,サービス業,10,情報通信・サービスその他 ,-,-
20220729,6570,共和コーポレーション,スタンダード（内国株式）,9050,サービス業,10,情報通信・サービスその他 ,-,-
20220729,6578,エヌリンクス,スタンダード（内国株式）,9050,サービス業,10,情報通信・サービスその他 ,-,-
20220729,6599,エブレン,スタンダード（内国株式）,3650,電気機器,9,電機・精密 ,-,-
20220729,6614,シキノハイテック,スタンダード（内国株式）,3650,電気機器,9,電機・精密 ,-,-
20220729,6625,ＪＡＬＣＯホールディングス,スタンダード（内国株式）,8050,不動産業,17,不動産 ,-,-
20220729,6626,ＳＥＭＩＴＥＣ,スタンダード（内国株式）,3650,電気機器,9,電機・精密 ,-,-
20220729,6627,テラプローブ,スタンダード（内国株式）,3650,電気機器,9,電機・精密 ,-,-
20220729,6629,テクノホライゾン,スタンダード（内国株式）,3650,電気機器,9,電機・精密 ,-,-
20220729,6633,Ｃ＆Ｇシステムズ,スタンダード（内国株式）,3650,電気機器,9,電機・精密 ,-,-
20220729,6634,ネクスグループ,スタンダード（内国株式）,3650,電気機器,9,電機・精密 ,-,-
20220729,6635,大日光・エンジニアリング,スタンダード（内国株式）,3650,電気機器,9,電機・精密 ,-,-
20220729,6637,寺崎電気産業,スタンダード（内国株式）,3650,電気機器,9,電機・精密 ,-,-
20220729,6643,戸上電機製作所,スタンダード（内国株式）,3650,電気機器,9,電機・精密 ,-,-
20220729,6647,森尾電機,スタンダード（内国株式）,3650,電気機器,9,電機・精密 ,-,-
20220729,6648,かわでん,スタンダード（内国株式）,3650,電気機器,9,電機・精密 ,-,-
20220729,6654,不二電機工業,スタンダード（内国株式）,3650,電気機器,9,電機・精密 ,7,TOPIX Small 2
20220729,6656,インスペック,スタンダード（内国株式）,3650,電気機器,9,電機・精密 ,-,-
20220729,6658,シライ電子工業,スタンダード（内国株式）,3650,電気機器,9,電機・精密 ,-,-
20220729,6659,メディアリンクス,スタンダード（内国株式）,3650,電気機器,9,電機・精密 ,-,-
20220729,6662,ユビテック,スタンダード（内国株式）,3650,電気機器,9,電機・精密 ,-,-
20220729,6663,太洋工業,スタンダード（内国株式）,3650,電気機器,9,電機・精密 ,-,-
20220729,6664,オプトエレクトロニクス,スタンダード（内国株式）,3650,電気機器,9,電機・精密 ,-,-
20220729,6666,リバーエレテック,スタンダード（内国株式）,3650,電気機器,9,電機・精密 ,-,-
20220729,6668,アドテック　プラズマ　テクノロジー,スタンダード（内国株式）,3650,電気機器,9,電機・精密 ,-,-
20220729,6670,ＭＣＪ,スタンダード（内国株式）,3650,電気機器,9,電機・精密 ,-,-
20220729,6677,エスケーエレクトロニクス,スタンダード（内国株式）,3650,電気機器,9,電機・精密 ,-,-
20220729,6694,ズーム,スタンダード（内国株式）,3650,電気機器,9,電機・精密 ,-,-
20220729,6698,ヴィスコ・テクノロジーズ,スタンダード（内国株式）,3650,電気機器,9,電機・精密 ,-,-
20220729,6715,ナカヨ,スタンダード（内国株式）,3650,電気機器,9,電機・精密 ,7,TOPIX Small 2
20220729,6721,ウインテスト,スタンダード（内国株式）,3650,電気機器,9,電機・精密 ,-,-
20220729,6730,アクセル,スタンダード（内国株式）,3650,電気機器,9,電機・精密 ,7,TOPIX Small 2
20220729,6731,ピクセラ,スタンダード（内国株式）,3650,電気機器,9,電機・精密 ,-,-
20220729,6734,ニューテック,スタンダード（内国株式）,3650,電気機器,9,電機・精密 ,-,-
20220729,6736,サン電子,スタンダード（内国株式）,3650,電気機器,9,電機・精密 ,-,-
20220729,6743,大同信号,スタンダード（内国株式）,3650,電気機器,9,電機・精密 ,-,-
20220729,6748,星和電機,スタンダード（内国株式）,3650,電気機器,9,電機・精密 ,7,TOPIX Small 2
20220729,6757,ＯＳＧコーポレーション,スタンダード（内国株式）,3650,電気機器,9,電機・精密 ,-,-
20220729,6769,ザインエレクトロニクス,スタンダード（内国株式）,3650,電気機器,9,電機・精密 ,-,-
20220729,6771,池上通信機,スタンダード（内国株式）,3650,電気機器,9,電機・精密 ,7,TOPIX Small 2
20220729,6772,東京コスモス電機,スタンダード（内国株式）,3650,電気機器,9,電機・精密 ,-,-
20220729,6775,ＴＢグループ,スタンダード（内国株式）,3650,電気機器,9,電機・精密 ,-,-
20220729,6776,天昇電気工業,スタンダード（内国株式）,3200,化学,4,素材・化学 ,-,-
20220729,6777,ｓａｎｔｅｃ,スタンダード（内国株式）,3650,電気機器,9,電機・精密 ,-,-
20220729,6778,アルチザネットワークス,スタンダード（内国株式）,3650,電気機器,9,電機・精密 ,-,-
20220729,6786,ＲＶＨ,スタンダード（内国株式）,9050,サービス業,10,情報通信・サービスその他 ,-,-
20220729,6803,ティアック,スタンダード（内国株式）,3650,電気機器,9,電機・精密 ,7,TOPIX Small 2
20220729,6819,伊豆シャボテンリゾート,スタンダード（内国株式）,9050,サービス業,10,情報通信・サービスその他 ,-,-
20220729,6822,大井電気,スタンダード（内国株式）,3650,電気機器,9,電機・精密 ,-,-
20220729,6824,新コスモス電機,スタンダード（内国株式）,3650,電気機器,9,電機・精密 ,-,-
20220729,6832,アオイ電子,スタンダード（内国株式）,3650,電気機器,9,電機・精密 ,-,-
20220729,6834,精工技研,スタンダード（内国株式）,3650,電気機器,9,電機・精密 ,-,-
20220729,6835,アライドテレシスホールディングス,スタンダード（内国株式）,3650,電気機器,9,電機・精密 ,-,-
20220729,6836,ぷらっとホーム,スタンダード（内国株式）,3650,電気機器,9,電機・精密 ,-,-
20220729,6837,京写,スタンダード（内国株式）,3650,電気機器,9,電機・精密 ,-,-
20220729,6838,多摩川ホールディングス,スタンダード（内国株式）,3650,電気機器,9,電機・精密 ,-,-
20220729,6840,ＡＫＩＢＡホールディングス,スタンダード（内国株式）,3650,電気機器,9,電機・精密 ,-,-
20220729,6848,東亜ディーケーケー,スタンダード（内国株式）,3650,電気機器,9,電機・精密 ,7,TOPIX Small 2
20220729,6855,日本電子材料,スタンダード（内国株式）,3650,電気機器,9,電機・精密 ,7,TOPIX Small 2
20220729,6858,小野測器,スタンダード（内国株式）,3650,電気機器,9,電機・精密 ,7,TOPIX Small 2
20220729,6862,ミナトホールディングス,スタンダード（内国株式）,3650,電気機器,9,電機・精密 ,-,-
20220729,6863,ニレコ,スタンダード（内国株式）,3650,電気機器,9,電機・精密 ,-,-
20220729,6864,エヌエフホールディングス,スタンダード（内国株式）,3650,電気機器,9,電機・精密 ,-,-
20220729,6867,リーダー電子,スタンダード（内国株式）,3650,電気機器,9,電機・精密 ,-,-
20220729,6870,日本フェンオール,スタンダード（内国株式）,3650,電気機器,9,電機・精密 ,-,-
20220729,6874,協立電機,スタンダード（内国株式）,3650,電気機器,9,電機・精密 ,-,-
20220729,6877,ＯＢＡＲＡ　ＧＲＯＵＰ,スタンダード（内国株式）,3650,電気機器,9,電機・精密 ,6,TOPIX Small 1
20220729,6881,キョウデン,スタンダード（内国株式）,3650,電気機器,9,電機・精密 ,-,-
20220729,6882,三社電機製作所,スタンダード（内国株式）,3650,電気機器,9,電機・精密 ,-,-
20220729,6888,アクモス,スタンダード（内国株式）,5250,情報・通信業,10,情報通信・サービスその他 ,-,-
20220729,6890,フェローテックホールディングス,スタンダード（内国株式）,3650,電気機器,9,電機・精密 ,-,-
20220729,6894,パルステック工業,スタンダード（内国株式）,3650,電気機器,9,電機・精密 ,-,-
20220729,6897,ツインバード工業,スタンダード（内国株式）,3650,電気機器,9,電機・精密 ,-,-
20220729,6898,トミタ電機,スタンダード（内国株式）,3650,電気機器,9,電機・精密 ,-,-
20220729,6899,ＡＳＴＩ,スタンダード（内国株式）,3650,電気機器,9,電機・精密 ,-,-
20220729,6901,澤藤電機,スタンダード（内国株式）,3650,電気機器,9,電機・精密 ,7,TOPIX Small 2
20220729,6907,ジオマテック,スタンダード（内国株式）,3650,電気機器,9,電機・精密 ,-,-
20220729,6912,菊水電子工業,スタンダード（内国株式）,3650,電気機器,9,電機・精密 ,-,-
20220729,6915,千代田インテグレ,スタンダード（内国株式）,3650,電気機器,9,電機・精密 ,7,TOPIX Small 2
20220729,6918,アバールデータ,スタンダード（内国株式）,3650,電気機器,9,電機・精密 ,-,-
20220729,6919,ケル,スタンダード（内国株式）,3650,電気機器,9,電機・精密 ,-,-
20220729,6926,岡谷電機産業,スタンダード（内国株式）,3650,電気機器,9,電機・精密 ,7,TOPIX Small 2
20220729,6927,ヘリオス　テクノ　ホールディング,スタンダード（内国株式）,3650,電気機器,9,電機・精密 ,7,TOPIX Small 2
20220729,6930,日本アンテナ,スタンダード（内国株式）,3650,電気機器,9,電機・精密 ,-,-
20220729,6938,双信電機,スタンダード（内国株式）,3650,電気機器,9,電機・精密 ,7,TOPIX Small 2
20220729,6942,ソフィアホールディングス,スタンダード（内国株式）,5250,情報・通信業,10,情報通信・サービスその他 ,-,-
20220729,6943,ＮＫＫスイッチズ,スタンダード（内国株式）,3650,電気機器,9,電機・精密 ,-,-
20220729,6946,日本アビオニクス,スタンダード（内国株式）,3650,電気機器,9,電機・精密 ,-,-
20220729,6955,ＦＤＫ,スタンダード（内国株式）,3650,電気機器,9,電機・精密 ,-,-
20220729,6957,芝浦電子,スタンダード（内国株式）,3650,電気機器,9,電機・精密 ,-,-
20220729,6960,フクダ電子,スタンダード（内国株式）,3650,電気機器,9,電機・精密 ,-,-
20220729,6964,サンコー,スタンダード（内国株式）,3650,電気機器,9,電機・精密 ,-,-
20220729,6969,松尾電機,スタンダード（内国株式）,3650,電気機器,9,電機・精密 ,-,-
20220729,6973,協栄産業,スタンダード（内国株式）,6050,卸売業,13,商社・卸売 ,7,TOPIX Small 2
20220729,6977,日本抵抗器製作所,スタンダード（内国株式）,3650,電気機器,9,電機・精密 ,-,-
20220729,6982,リード,スタンダード（内国株式）,3700,輸送用機器,6,自動車・輸送機 ,-,-
20220729,6993,大黒屋ホールディングス,スタンダード（内国株式）,6100,小売業,14,小売 ,-,-
20220729,6994,指月電機製作所,スタンダード（内国株式）,3650,電気機器,9,電機・精密 ,-,-
20220729,6998,日本タングステン,スタンダード（内国株式）,3650,電気機器,9,電機・精密 ,-,-
20220729,7014,名村造船所,スタンダード（内国株式）,3700,輸送用機器,6,自動車・輸送機 ,7,TOPIX Small 2
20220729,7018,内海造船,スタンダード（内国株式）,3700,輸送用機器,6,自動車・輸送機 ,-,-
20220729,7021,ニッチツ,スタンダード（内国株式）,3600,機械,8,機械 ,-,-
20220729,7022,サノヤスホールディングス,スタンダード（内国株式）,3600,機械,8,機械 ,7,TOPIX Small 2
20220729,7040,サン・ライフホールディング,スタンダード（内国株式）,9050,サービス業,10,情報通信・サービスその他 ,-,-
20220729,7042,アクセスグループ・ホールディングス,スタンダード（内国株式）,9050,サービス業,10,情報通信・サービスその他 ,-,-
20220729,7057,エヌ・シー・エヌ,スタンダード（内国株式）,9050,サービス業,10,情報通信・サービスその他 ,-,-
20220729,7058,共栄セキュリティーサービス,スタンダード（内国株式）,9050,サービス業,10,情報通信・サービスその他 ,-,-
20220729,7065,ユーピーアール,スタンダード（内国株式）,9050,サービス業,10,情報通信・サービスその他 ,-,-
20220729,7071,アンビスホールディングス,スタンダード（内国株式）,9050,サービス業,10,情報通信・サービスその他 ,-,-
20220729,7081,コーユーレンティア,スタンダード（内国株式）,9050,サービス業,10,情報通信・サービスその他 ,-,-
20220729,7087,ウイルテック,スタンダード（内国株式）,9050,サービス業,10,情報通信・サービスその他 ,-,-
20220729,7105,三菱ロジスネクスト,スタンダード（内国株式）,3700,輸送用機器,6,自動車・輸送機 ,6,TOPIX Small 1
20220729,7122,近畿車輛,スタンダード（内国株式）,3700,輸送用機器,6,自動車・輸送機 ,7,TOPIX Small 2
20220729,7126,タンゴヤ,スタンダード（内国株式）,6100,小売業,14,小売 ,-,-
20220729,7127,一家ホールディングス,スタンダード（内国株式）,6100,小売業,14,小売 ,7,TOPIX Small 2
20220729,7129,ミアヘルサホールディングス,スタンダード（内国株式）,6100,小売業,14,小売 ,-,-
20220729,7131,のむら産業,スタンダード（内国株式）,6050,卸売業,13,商社・卸売 ,-,-
20220729,7134,クルーバー,スタンダード（内国株式）,6100,小売業,14,小売 ,-,-
20220729,7150,島根銀行,スタンダード（内国株式）,7050,銀行業,15,銀行 ,7,TOPIX Small 2
20220729,7161,じもとホールディングス,スタンダード（内国株式）,7050,銀行業,15,銀行 ,7,TOPIX Small 2
20220729,7162,アストマックス,スタンダード（内国株式）,7100,証券、商品先物取引業,16,金融（除く銀行） ,-,-
20220729,7175,今村証券,スタンダード（内国株式）,7100,証券、商品先物取引業,16,金融（除く銀行） ,-,-
20220729,7177,ＧＭＯフィナンシャルホールディングス,スタンダード（内国株式）,7100,証券、商品先物取引業,16,金融（除く銀行） ,-,-
20220729,7183,あんしん保証,スタンダード（内国株式）,7200,その他金融業,16,金融（除く銀行） ,7,TOPIX Small 2
20220729,7185,ヒロセ通商,スタンダード（内国株式）,7100,証券、商品先物取引業,16,金融（除く銀行） ,-,-
20220729,7192,日本モーゲージサービス,スタンダード（内国株式）,7200,その他金融業,16,金融（除く銀行） ,7,TOPIX Small 2
20220729,7208,カネミツ,スタンダード（内国株式）,3700,輸送用機器,6,自動車・輸送機 ,-,-
20220729,7214,ＧＭＢ,スタンダード（内国株式）,3700,輸送用機器,6,自動車・輸送機 ,7,TOPIX Small 2
20220729,7215,ファルテック,スタンダード（内国株式）,3700,輸送用機器,6,自動車・輸送機 ,7,TOPIX Small 2
20220729,7217,テイン,スタンダード（内国株式）,3700,輸送用機器,6,自動車・輸送機 ,-,-
20220729,7218,田中精密工業,スタンダード（内国株式）,3700,輸送用機器,6,自動車・輸送機 ,-,-
20220729,7219,エッチ・ケー・エス,スタンダード（内国株式）,3700,輸送用機器,6,自動車・輸送機 ,-,-
20220729,7228,デイトナ,スタンダード（内国株式）,3700,輸送用機器,6,自動車・輸送機 ,-,-
20220729,7229,ユタカ技研,スタンダード（内国株式）,3700,輸送用機器,6,自動車・輸送機 ,-,-
20220729,7235,東京ラヂエーター製造,スタンダード（内国株式）,3700,輸送用機器,6,自動車・輸送機 ,-,-
20220729,7254,ユニバンス,スタンダード（内国株式）,3700,輸送用機器,6,自動車・輸送機 ,-,-
20220729,7255,桜井製作所,スタンダード（内国株式）,3700,輸送用機器,6,自動車・輸送機 ,-,-
20220729,7264,ムロコーポレーション,スタンダード（内国株式）,3700,輸送用機器,6,自動車・輸送機 ,-,-
20220729,7265,エイケン工業,スタンダード（内国株式）,3700,輸送用機器,6,自動車・輸送機 ,-,-
20220729,7268,タツミ,スタンダード（内国株式）,3700,輸送用機器,6,自動車・輸送機 ,-,-
20220729,7273,イクヨ,スタンダード（内国株式）,3700,輸送用機器,6,自動車・輸送機 ,-,-
20220729,7279,ハイレックスコーポレーション,スタンダード（内国株式）,3700,輸送用機器,6,自動車・輸送機 ,-,-
20220729,7284,盟和産業,スタンダード（内国株式）,3700,輸送用機器,6,自動車・輸送機 ,7,TOPIX Small 2
20220729,7287,日本精機,スタンダード（内国株式）,3700,輸送用機器,6,自動車・輸送機 ,-,-
20220729,7291,日本プラスト,スタンダード（内国株式）,3700,輸送用機器,6,自動車・輸送機 ,7,TOPIX Small 2
20220729,7292,村上開明堂,スタンダード（内国株式）,3700,輸送用機器,6,自動車・輸送機 ,-,-
20220729,7297,カーメイト,スタンダード（内国株式）,3700,輸送用機器,6,自動車・輸送機 ,-,-
20220729,7298,八千代工業,スタンダード（内国株式）,3700,輸送用機器,6,自動車・輸送機 ,-,-
20220729,7299,フジオーゼックス,スタンダード（内国株式）,3700,輸送用機器,6,自動車・輸送機 ,-,-
20220729,7305,新家工業,スタンダード（内国株式）,3450,鉄鋼,7,鉄鋼・非鉄 ,7,TOPIX Small 2
20220729,7314,小田原機器,スタンダード（内国株式）,3700,輸送用機器,6,自動車・輸送機 ,-,-
20220729,7315,ＩＪＴＴ,スタンダード（内国株式）,3700,輸送用機器,6,自動車・輸送機 ,-,-
20220729,7338,インヴァスト,スタンダード（内国株式）,7100,証券、商品先物取引業,16,金融（除く銀行） ,-,-
20220729,7357,ジオコード,スタンダード（内国株式）,9050,サービス業,10,情報通信・サービスその他 ,-,-
20220729,7367,セルム,スタンダード（内国株式）,9050,サービス業,10,情報通信・サービスその他 ,-,-
20220729,7368,表示灯,スタンダード（内国株式）,9050,サービス業,10,情報通信・サービスその他 ,-,-
20220729,7377,ＤＮホールディングス,スタンダード（内国株式）,9050,サービス業,10,情報通信・サービスその他 ,-,-
20220729,7399,ナンシン,スタンダード（内国株式）,3700,輸送用機器,6,自動車・輸送機 ,-,-
20220729,7412,アトム,スタンダード（内国株式）,6100,小売業,14,小売 ,-,-
20220729,7413,創健社,スタンダード（内国株式）,6050,卸売業,13,商社・卸売 ,-,-
20220729,7416,はるやまホールディングス,スタンダード（内国株式）,6100,小売業,14,小売 ,7,TOPIX Small 2
20220729,7417,南陽,スタンダード（内国株式）,6050,卸売業,13,商社・卸売 ,7,TOPIX Small 2
20220729,7422,東邦レマック,スタンダード（内国株式）,6050,卸売業,13,商社・卸売 ,-,-
20220729,7425,初穂商事,スタンダード（内国株式）,6050,卸売業,13,商社・卸売 ,-,-
20220729,7426,山大,スタンダード（内国株式）,6050,卸売業,13,商社・卸売 ,-,-
20220729,7427,エコートレーディング,スタンダード（内国株式）,6050,卸売業,13,商社・卸売 ,7,TOPIX Small 2
20220729,7434,オータケ,スタンダード（内国株式）,6050,卸売業,13,商社・卸売 ,-,-
20220729,7435,ナ・デックス,スタンダード（内国株式）,6050,卸売業,13,商社・卸売 ,-,-
20220729,7442,中山福,スタンダード（内国株式）,6050,卸売業,13,商社・卸売 ,7,TOPIX Small 2
20220729,7443,横浜魚類,スタンダード（内国株式）,6050,卸売業,13,商社・卸売 ,-,-
20220729,7444,ハリマ共和物産,スタンダード（内国株式）,6050,卸売業,13,商社・卸売 ,-,-
20220729,7446,東北化学薬品,スタンダード（内国株式）,6050,卸売業,13,商社・卸売 ,-,-
20220729,7450,サンデー,スタンダード（内国株式）,6100,小売業,14,小売 ,-,-
20220729,7451,三菱食品,スタンダード（内国株式）,6050,卸売業,13,商社・卸売 ,7,TOPIX Small 2
20220729,7460,ヤギ,スタンダード（内国株式）,6050,卸売業,13,商社・卸売 ,-,-
20220729,7461,キムラ,スタンダード（内国株式）,6050,卸売業,13,商社・卸売 ,-,-
20220729,7462,ＣＡＰＩＴＡ,スタンダード（内国株式）,6100,小売業,14,小売 ,-,-
20220729,7463,アドヴァングループ,スタンダード（内国株式）,6100,小売業,14,小売 ,7,TOPIX Small 2
20220729,7464,セフテック,スタンダード（内国株式）,6050,卸売業,13,商社・卸売 ,-,-
20220729,7472,鳥羽洋行,スタンダード（内国株式）,6050,卸売業,13,商社・卸売 ,-,-
20220729,7477,ムラキ,スタンダード（内国株式）,6050,卸売業,13,商社・卸売 ,-,-
20220729,7480,スズデン,スタンダード（内国株式）,6050,卸売業,13,商社・卸売 ,7,TOPIX Small 2
20220729,7481,尾家産業,スタンダード（内国株式）,6050,卸売業,13,商社・卸売 ,7,TOPIX Small 2
20220729,7486,サンリン,スタンダード（内国株式）,6050,卸売業,13,商社・卸売 ,-,-
20220729,7490,日新商事,スタンダード（内国株式）,6050,卸売業,13,商社・卸売 ,-,-
20220729,7500,西川計測,スタンダード（内国株式）,6050,卸売業,13,商社・卸売 ,-,-
20220729,7501,ティムコ,スタンダード（内国株式）,6050,卸売業,13,商社・卸売 ,-,-
20220729,7502,プラザクリエイト本社,スタンダード（内国株式）,9050,サービス業,10,情報通信・サービスその他 ,-,-
20220729,7505,扶桑電通,スタンダード（内国株式）,6050,卸売業,13,商社・卸売 ,-,-
20220729,7506,ハウス　オブ　ローゼ,スタンダード（内国株式）,6100,小売業,14,小売 ,7,TOPIX Small 2
20220729,7509,アイエーグループ,スタンダード（内国株式）,6100,小売業,14,小売 ,-,-
20220729,7512,イオン北海道,スタンダード（内国株式）,6100,小売業,14,小売 ,7,TOPIX Small 2
20220729,7515,マルヨシセンター,スタンダード（内国株式）,6100,小売業,14,小売 ,-,-
20220729,7521,ムサシ,スタンダード（内国株式）,6050,卸売業,13,商社・卸売 ,-,-
20220729,7523,アールビバン,スタンダード（内国株式）,6100,小売業,14,小売 ,-,-
20220729,7524,マルシェ,スタンダード（内国株式）,6100,小売業,14,小売 ,7,TOPIX Small 2
20220729,7531,清和中央ホールディングス,スタンダード（内国株式）,6050,卸売業,13,商社・卸売 ,-,-
20220729,7538,大水,スタンダード（内国株式）,6050,卸売業,13,商社・卸売 ,-,-
20220729,7539,アイナボホールディングス,スタンダード（内国株式）,6050,卸売業,13,商社・卸売 ,-,-
20220729,7544,スリーエフ,スタンダード（内国株式）,6100,小売業,14,小売 ,-,-
20220729,7551,ウェッズ,スタンダード（内国株式）,3700,輸送用機器,6,自動車・輸送機 ,-,-
20220729,7555,大田花き,スタンダード（内国株式）,6050,卸売業,13,商社・卸売 ,-,-
20220729,7559,ジーエフシー,スタンダード（内国株式）,6050,卸売業,13,商社・卸売 ,-,-
20220729,7562,安楽亭,スタンダード（内国株式）,6100,小売業,14,小売 ,-,-
20220729,7564,ワークマン,スタンダード（内国株式）,6100,小売業,14,小売 ,-,-
20220729,7565,萬世電機,スタンダード（内国株式）,6050,卸売業,13,商社・卸売 ,-,-
20220729,7567,栄電子,スタンダード（内国株式）,6050,卸売業,13,商社・卸売 ,-,-
20220729,7571,ヤマノホールディングス,スタンダード（内国株式）,6100,小売業,14,小売 ,-,-
20220729,7578,ニチリョク,スタンダード（内国株式）,6100,小売業,14,小売 ,-,-
20220729,7585,かんなん丸,スタンダード（内国株式）,6100,小売業,14,小売 ,-,-
20220729,7601,ポプラ,スタンダード（内国株式）,6100,小売業,14,小売 ,7,TOPIX Small 2
20220729,7602,カーチスホールディングス,スタンダード（内国株式）,6050,卸売業,13,商社・卸売 ,-,-
20220729,7603,マックハウス,スタンダード（内国株式）,6100,小売業,14,小売 ,-,-
20220729,7604,梅の花,スタンダード（内国株式）,6100,小売業,14,小売 ,-,-
20220729,7608,エスケイジャパン,スタンダード（内国株式）,6050,卸売業,13,商社・卸売 ,7,TOPIX Small 2
20220729,7610,テイツー,スタンダード（内国株式）,6100,小売業,14,小売 ,-,-
20220729,7614,オーエムツーネットワーク,スタンダード（内国株式）,6100,小売業,14,小売 ,-,-
20220729,7615,ＹＵ−ＷＡ　Ｃｒｅａｔｉｏｎ　Ｈｏｌｄｉｎｇｓ,スタンダード（内国株式）,6100,小売業,14,小売 ,7,TOPIX Small 2
20220729,7619,田中商事,スタンダード（内国株式）,6050,卸売業,13,商社・卸売 ,7,TOPIX Small 2
20220729,7621,うかい,スタンダード（内国株式）,6100,小売業,14,小売 ,-,-
20220729,7623,サンオータス,スタンダード（内国株式）,6100,小売業,14,小売 ,-,-
20220729,7624,ＮａＩＴＯ,スタンダード（内国株式）,6050,卸売業,13,商社・卸売 ,-,-
20220729,7625,グローバルダイニング,スタンダード（内国株式）,6100,小売業,14,小売 ,-,-
20220729,7634,星医療酸器,スタンダード（内国株式）,6050,卸売業,13,商社・卸売 ,-,-
20220729,7635,杉田エース,スタンダード（内国株式）,6050,卸売業,13,商社・卸売 ,-,-
20220729,7636,ハンズマン,スタンダード（内国株式）,6100,小売業,14,小売 ,-,-
20220729,7638,ＮＥＷ　ＡＲＴ　ＨＯＬＤＩＮＧＳ,スタンダード（内国株式）,6100,小売業,14,小売 ,-,-
20220729,7640,トップカルチャー,スタンダード（内国株式）,6100,小売業,14,小売 ,7,TOPIX Small 2
20220729,7643,ダイイチ,スタンダード（内国株式）,6100,小売業,14,小売 ,-,-
20220729,7646,ＰＬＡＮＴ,スタンダード（内国株式）,6100,小売業,14,小売 ,7,TOPIX Small 2
20220729,7647,音通,スタンダード（内国株式）,6100,小売業,14,小売 ,-,-
20220729,7670,オーウエル,スタンダード（内国株式）,6050,卸売業,13,商社・卸売 ,-,-
20220729,7673,ダイコー通産,スタンダード（内国株式）,6050,卸売業,13,商社・卸売 ,7,TOPIX Small 2
20220729,7677,ヤシマキザイ,スタンダード（内国株式）,6050,卸売業,13,商社・卸売 ,-,-
20220729,7678,あさくま,スタンダード（内国株式）,6100,小売業,14,小売 ,-,-
20220729,7681,レオクラン,スタンダード（内国株式）,6050,卸売業,13,商社・卸売 ,-,-
20220729,7682,浜木綿,スタンダード（内国株式）,6100,小売業,14,小売 ,-,-
20220729,7686,カクヤスグループ,スタンダード（内国株式）,6050,卸売業,13,商社・卸売 ,-,-
20220729,7692,アースインフィニティ,スタンダード（内国株式）,6100,小売業,14,小売 ,-,-
20220729,7698,アイスコ,スタンダード（内国株式）,6050,卸売業,13,商社・卸売 ,-,-
20220729,7705,ジーエルサイエンス,スタンダード（内国株式）,3750,精密機器,9,電機・精密 ,-,-
20220729,7709,クボテック,スタンダード（内国株式）,3750,精密機器,9,電機・精密 ,7,TOPIX Small 2
20220729,7711,助川電気工業,スタンダード（内国株式）,3750,精密機器,9,電機・精密 ,-,-
20220729,7713,シグマ光機,スタンダード（内国株式）,3750,精密機器,9,電機・精密 ,-,-
20220729,7716,ナカニシ,スタンダード（内国株式）,3750,精密機器,9,電機・精密 ,-,-
20220729,7719,東京衡機,スタンダード（内国株式）,3750,精密機器,9,電機・精密 ,-,-
20220729,7722,国際計測器,スタンダード（内国株式）,3750,精密機器,9,電機・精密 ,-,-
20220729,7726,黒田精工,スタンダード（内国株式）,3600,機械,8,機械 ,-,-
20220729,7746,岡本硝子,スタンダード（内国株式）,3750,精密機器,9,電機・精密 ,-,-
20220729,7749,メディキット,スタンダード（内国株式）,3750,精密機器,9,電機・精密 ,-,-
20220729,7760,ＩＭＶ,スタンダード（内国株式）,3750,精密機器,9,電機・精密 ,-,-
20220729,7771,日本精密,スタンダード（内国株式）,3750,精密機器,9,電機・精密 ,-,-
20220729,7781,平山ホールディングス,スタンダード（内国株式）,3750,精密機器,9,電機・精密 ,-,-
20220729,7782,シンシア,スタンダード（内国株式）,3750,精密機器,9,電機・精密 ,7,TOPIX Small 2
20220729,7791,ドリームベッド,スタンダード（内国株式）,3800,その他製品,10,情報通信・サービスその他 ,-,-
20220729,7800,アミファ,スタンダード（内国株式）,3800,その他製品,10,情報通信・サービスその他 ,-,-
20220729,7804,ビーアンドピー,スタンダード（内国株式）,3800,その他製品,10,情報通信・サービスその他 ,-,-
20220729,7805,プリントネット,スタンダード（内国株式）,3800,その他製品,10,情報通信・サービスその他 ,-,-
20220729,7807,幸和製作所,スタンダード（内国株式）,3800,その他製品,10,情報通信・サービスその他 ,-,-
20220729,7808,シー・エス・ランバー,スタンダード（内国株式）,3800,その他製品,10,情報通信・サービスその他 ,-,-
20220729,7809,壽屋,スタンダード（内国株式）,3800,その他製品,10,情報通信・サービスその他 ,-,-
20220729,7810,クロスフォー,スタンダード（内国株式）,3800,その他製品,10,情報通信・サービスその他 ,-,-
20220729,7812,クレステック,スタンダード（内国株式）,3800,その他製品,10,情報通信・サービスその他 ,-,-
20220729,7814,日本創発グループ,スタンダード（内国株式）,3800,その他製品,10,情報通信・サービスその他 ,-,-
20220729,7815,東京ボード工業,スタンダード（内国株式）,3800,その他製品,10,情報通信・サービスその他 ,-,-
20220729,7822,永大産業,スタンダード（内国株式）,3800,その他製品,10,情報通信・サービスその他 ,7,TOPIX Small 2
20220729,7826,フルヤ金属,スタンダード（内国株式）,3800,その他製品,10,情報通信・サービスその他 ,-,-
20220729,7827,オービス,スタンダード（内国株式）,3800,その他製品,10,情報通信・サービスその他 ,-,-
20220729,7831,ウイルコホールディングス,スタンダード（内国株式）,3800,その他製品,10,情報通信・サービスその他 ,-,-
20220729,7833,アイフィスジャパン,スタンダード（内国株式）,3800,その他製品,10,情報通信・サービスその他 ,7,TOPIX Small 2
20220729,7836,アビックス,スタンダード（内国株式）,3800,その他製品,10,情報通信・サービスその他 ,-,-
20220729,7837,アールシーコア,スタンダード（内国株式）,3800,その他製品,10,情報通信・サービスその他 ,-,-
20220729,7838,共立印刷,スタンダード（内国株式）,3800,その他製品,10,情報通信・サービスその他 ,7,TOPIX Small 2
20220729,7841,遠藤製作所,スタンダード（内国株式）,3800,その他製品,10,情報通信・サービスその他 ,-,-
20220729,7847,グラファイトデザイン,スタンダード（内国株式）,3800,その他製品,10,情報通信・サービスその他 ,-,-
20220729,7849,スターツ出版,スタンダード（内国株式）,5250,情報・通信業,10,情報通信・サービスその他 ,-,-
20220729,7850,総合商研,スタンダード（内国株式）,3800,その他製品,10,情報通信・サービスその他 ,-,-
20220729,7851,カワセコンピュータサプライ,スタンダード（内国株式）,3800,その他製品,10,情報通信・サービスその他 ,-,-
20220729,7857,セキ,スタンダード（内国株式）,3800,その他製品,10,情報通信・サービスその他 ,-,-
20220729,7859,アルメディオ,スタンダード（内国株式）,3800,その他製品,10,情報通信・サービスその他 ,-,-
20220729,7863,平賀,スタンダード（内国株式）,3800,その他製品,10,情報通信・サービスその他 ,-,-
20220729,7865,ピープル,スタンダード（内国株式）,3800,その他製品,10,情報通信・サービスその他 ,-,-
20220729,7871,フクビ化学工業,スタンダード（内国株式）,3200,化学,4,素材・化学 ,-,-
20220729,7872,エステールホールディングス,スタンダード（内国株式）,3800,その他製品,10,情報通信・サービスその他 ,7,TOPIX Small 2
20220729,7875,竹田印刷,スタンダード（内国株式）,3800,その他製品,10,情報通信・サービスその他 ,-,-
20220729,7877,永大化工,スタンダード（内国株式）,3200,化学,4,素材・化学 ,-,-
20220729,7878,光・彩,スタンダード（内国株式）,3800,その他製品,10,情報通信・サービスその他 ,-,-
20220729,7879,ノダ,スタンダード（内国株式）,3800,その他製品,10,情報通信・サービスその他 ,-,-
20220729,7883,サンメッセ,スタンダード（内国株式）,3800,その他製品,10,情報通信・サービスその他 ,-,-
20220729,7885,タカノ,スタンダード（内国株式）,3800,その他製品,10,情報通信・サービスその他 ,7,TOPIX Small 2
20220729,7886,ヤマト・インダストリー,スタンダード（内国株式）,3200,化学,4,素材・化学 ,-,-
20220729,7887,南海プライウッド,スタンダード（内国株式）,3800,その他製品,10,情報通信・サービスその他 ,-,-
20220729,7895,中央化学,スタンダード（内国株式）,3200,化学,4,素材・化学 ,-,-
20220729,7896,セブン工業,スタンダード（内国株式）,3800,その他製品,10,情報通信・サービスその他 ,-,-
20220729,7897,ホクシン,スタンダード（内国株式）,3800,その他製品,10,情報通信・サービスその他 ,7,TOPIX Small 2
20220729,7898,ウッドワン,スタンダード（内国株式）,3800,その他製品,10,情報通信・サービスその他 ,7,TOPIX Small 2
20220729,7899,ＭＩＣＳ化学,スタンダード（内国株式）,3200,化学,4,素材・化学 ,-,-
20220729,7901,マツモト,スタンダード（内国株式）,3800,その他製品,10,情報通信・サービスその他 ,-,-
20220729,7902,ソノコム,スタンダード（内国株式）,3800,その他製品,10,情報通信・サービスその他 ,-,-
20220729,7906,ヨネックス,スタンダード（内国株式）,3800,その他製品,10,情報通信・サービスその他 ,-,-
20220729,7908,きもと,スタンダード（内国株式）,3200,化学,4,素材・化学 ,7,TOPIX Small 2
20220729,7916,光村印刷,スタンダード（内国株式）,3800,その他製品,10,情報通信・サービスその他 ,7,TOPIX Small 2
20220729,7919,野崎印刷紙業,スタンダード（内国株式）,3800,その他製品,10,情報通信・サービスその他 ,-,-
20220729,7922,三光産業,スタンダード（内国株式）,3800,その他製品,10,情報通信・サービスその他 ,-,-
20220729,7923,トーイン,スタンダード（内国株式）,3800,その他製品,10,情報通信・サービスその他 ,-,-
20220729,7927,ムトー精工,スタンダード（内国株式）,3200,化学,4,素材・化学 ,-,-
20220729,7928,旭化学工業,スタンダード（内国株式）,3200,化学,4,素材・化学 ,-,-
20220729,7932,ニッピ,スタンダード（内国株式）,3800,その他製品,10,情報通信・サービスその他 ,-,-
20220729,7937,ツツミ,スタンダード（内国株式）,3800,その他製品,10,情報通信・サービスその他 ,7,TOPIX Small 2
20220729,7938,リーガルコーポレーション,スタンダード（内国株式）,3800,その他製品,10,情報通信・サービスその他 ,-,-
20220729,7939,研創,スタンダード（内国株式）,3800,その他製品,10,情報通信・サービスその他 ,-,-
20220729,7940,ウェーブロックホールディングス,スタンダード（内国株式）,3200,化学,4,素材・化学 ,7,TOPIX Small 2
20220729,7946,光陽社,スタンダード（内国株式）,3800,その他製品,10,情報通信・サービスその他 ,-,-
20220729,7953,菊水化学工業,スタンダード（内国株式）,3800,その他製品,10,情報通信・サービスその他 ,-,-
20220729,7957,フジコピアン,スタンダード（内国株式）,3800,その他製品,10,情報通信・サービスその他 ,-,-
20220729,7961,兼松サステック,スタンダード（内国株式）,3800,その他製品,10,情報通信・サービスその他 ,7,TOPIX Small 2
20220729,7963,興研,スタンダード（内国株式）,3800,その他製品,10,情報通信・サービスその他 ,-,-
20220729,7975,リヒトラブ,スタンダード（内国株式）,3800,その他製品,10,情報通信・サービスその他 ,-,-
20220729,7980,重松製作所,スタンダード（内国株式）,3800,その他製品,10,情報通信・サービスその他 ,-,-
20220729,7983,ミロク,スタンダード（内国株式）,3800,その他製品,10,情報通信・サービスその他 ,-,-
20220729,7985,ネポン,スタンダード（内国株式）,3550,金属製品,3,建設・資材 ,-,-
20220729,7986,日本アイ・エス・ケイ,スタンダード（内国株式）,3800,その他製品,10,情報通信・サービスその他 ,-,-
20220729,7991,マミヤ・オーピー,スタンダード（内国株式）,3600,機械,8,機械 ,-,-
20220729,7992,セーラー万年筆,スタンダード（内国株式）,3800,その他製品,10,情報通信・サービスその他 ,-,-
20220729,7997,くろがね工作所,スタンダード（内国株式）,3800,その他製品,10,情報通信・サービスその他 ,-,-
20220729,7999,ＭＵＴＯＨホールディングス,スタンダード（内国株式）,3650,電気機器,9,電機・精密 ,7,TOPIX Small 2
20220729,8006,ユアサ・フナショク,スタンダード（内国株式）,6050,卸売業,13,商社・卸売 ,-,-
20220729,8013,ナイガイ,スタンダード（内国株式）,3100,繊維製品,4,素材・化学 ,7,TOPIX Small 2
20220729,8018,三共生興,スタンダード（内国株式）,6050,卸売業,13,商社・卸売 ,7,TOPIX Small 2
20220729,8023,大興電子通信,スタンダード（内国株式）,6050,卸売業,13,商社・卸売 ,-,-
20220729,8025,ツカモトコーポレーション,スタンダード（内国株式）,6050,卸売業,13,商社・卸売 ,7,TOPIX Small 2
20220729,8029,ルックホールディングス,スタンダード（内国株式）,3100,繊維製品,4,素材・化学 ,7,TOPIX Small 2
20220729,8030,中央魚類,スタンダード（内国株式）,6050,卸売業,13,商社・卸売 ,-,-
20220729,8038,東都水産,スタンダード（内国株式）,6050,卸売業,13,商社・卸売 ,7,TOPIX Small 2
20220729,8039,築地魚市場,スタンダード（内国株式）,6050,卸売業,13,商社・卸売 ,-,-
20220729,8040,東京ソワール,スタンダード（内国株式）,3100,繊維製品,4,素材・化学 ,-,-
20220729,8041,ＯＵＧホールディングス,スタンダード（内国株式）,6050,卸売業,13,商社・卸売 ,7,TOPIX Small 2
20220729,8045,横浜丸魚,スタンダード（内国株式）,6050,卸売業,13,商社・卸売 ,-,-
20220729,8046,丸藤シートパイル,スタンダード（内国株式）,6050,卸売業,13,商社・卸売 ,-,-
20220729,8066,三谷商事,スタンダード（内国株式）,6050,卸売業,13,商社・卸売 ,-,-
20220729,8072,日本出版貿易,スタンダード（内国株式）,6050,卸売業,13,商社・卸売 ,-,-
20220729,8085,ナラサキ産業,スタンダード（内国株式）,6050,卸売業,13,商社・卸売 ,-,-
20220729,8089,ナイス,スタンダード（内国株式）,6050,卸売業,13,商社・卸売 ,7,TOPIX Small 2
20220729,8104,クワザワホールディングス,スタンダード（内国株式）,6050,卸売業,13,商社・卸売 ,7,TOPIX Small 2
20220729,8105,堀田丸正,スタンダード（内国株式）,6050,卸売業,13,商社・卸売 ,-,-
20220729,8107,キムラタン,スタンダード（内国株式）,3100,繊維製品,4,素材・化学 ,7,TOPIX Small 2
20220729,8115,ムーンバット,スタンダード（内国株式）,6050,卸売業,13,商社・卸売 ,-,-
20220729,8117,中央自動車工業,スタンダード（内国株式）,6050,卸売業,13,商社・卸売 ,-,-
20220729,8118,キング,スタンダード（内国株式）,3100,繊維製品,4,素材・化学 ,7,TOPIX Small 2
20220729,8119,三栄コーポレーション,スタンダード（内国株式）,6050,卸売業,13,商社・卸売 ,-,-
20220729,8123,川辺,スタンダード（内国株式）,6050,卸売業,13,商社・卸売 ,-,-
20220729,8127,ヤマトインターナショナル,スタンダード（内国株式）,3100,繊維製品,4,素材・化学 ,7,TOPIX Small 2
20220729,8131,ミツウロコグループホールディングス,スタンダード（内国株式）,6050,卸売業,13,商社・卸売 ,7,TOPIX Small 2
20220729,8135,ゼット,スタンダード（内国株式）,6050,卸売業,13,商社・卸売 ,-,-
20220729,8138,三京化成,スタンダード（内国株式）,6050,卸売業,13,商社・卸売 ,-,-
20220729,8139,ナガホリ,スタンダード（内国株式）,6050,卸売業,13,商社・卸売 ,-,-
20220729,8143,ラピーヌ,スタンダード（内国株式）,3100,繊維製品,4,素材・化学 ,-,-
20220729,8144,電響社,スタンダード（内国株式）,6050,卸売業,13,商社・卸売 ,-,-
20220729,8147,トミタ,スタンダード（内国株式）,6050,卸売業,13,商社・卸売 ,-,-
20220729,8152,ソマール,スタンダード（内国株式）,6050,卸売業,13,商社・卸売 ,-,-
20220729,8166,タカキュー,スタンダード（内国株式）,6100,小売業,14,小売 ,7,TOPIX Small 2
20220729,8181,東天紅,スタンダード（内国株式）,6100,小売業,14,小売 ,7,TOPIX Small 2
20220729,8198,マックスバリュ東海,スタンダード（内国株式）,6100,小売業,14,小売 ,-,-
20220729,8202,ラオックス,スタンダード（内国株式）,6100,小売業,14,小売 ,-,-
20220729,8207,テンアライド,スタンダード（内国株式）,6100,小売業,14,小売 ,7,TOPIX Small 2
20220729,8208,エンチョー,スタンダード（内国株式）,6100,小売業,14,小売 ,-,-
20220729,8209,フレンドリー,スタンダード（内国株式）,6100,小売業,14,小売 ,-,-
20220729,8215,銀座山形屋,スタンダード（内国株式）,6100,小売業,14,小売 ,-,-
20220729,8225,タカチホ,スタンダード（内国株式）,6050,卸売業,13,商社・卸売 ,-,-
20220729,8226,理経,スタンダード（内国株式）,6050,卸売業,13,商社・卸売 ,-,-
20220729,8230,はせがわ,スタンダード（内国株式）,6100,小売業,14,小売 ,7,TOPIX Small 2
20220729,8244,近鉄百貨店,スタンダード（内国株式）,6100,小売業,14,小売 ,7,TOPIX Small 2
20220729,8247,大和,スタンダード（内国株式）,6100,小売業,14,小売 ,-,-
20220729,8249,テクノアソシエ,スタンダード（内国株式）,6050,卸売業,13,商社・卸売 ,-,-
20220729,8254,さいか屋,スタンダード（内国株式）,6100,小売業,14,小売 ,-,-
20220729,8256,プロルート丸光,スタンダード（内国株式）,6050,卸売業,13,商社・卸売 ,-,-
20220729,8260,井筒屋,スタンダード（内国株式）,6100,小売業,14,小売 ,7,TOPIX Small 2
20220729,8289,Ｏｌｙｍｐｉｃグループ,スタンダード（内国株式）,6100,小売業,14,小売 ,7,TOPIX Small 2
20220729,8303,新生銀行,スタンダード（内国株式）,7050,銀行業,15,銀行 ,4,TOPIX Mid400
20220729,8349,東北銀行,スタンダード（内国株式）,7050,銀行業,15,銀行 ,7,TOPIX Small 2
20220729,8365,富山銀行,スタンダード（内国株式）,7050,銀行業,15,銀行 ,7,TOPIX Small 2
20220729,8383,鳥取銀行,スタンダード（内国株式）,7050,銀行業,15,銀行 ,7,TOPIX Small 2
20220729,8416,高知銀行,スタンダード（内国株式）,7050,銀行業,15,銀行 ,7,TOPIX Small 2
20220729,8462,フューチャーベンチャーキャピタル,スタンダード（内国株式）,7100,証券、商品先物取引業,16,金融（除く銀行） ,-,-
20220729,8508,Ｊトラスト,スタンダード（内国株式）,7200,その他金融業,16,金融（除く銀行） ,-,-
20220729,8518,日本アジア投資,スタンダード（内国株式）,7100,証券、商品先物取引業,16,金融（除く銀行） ,7,TOPIX Small 2
20220729,8521,長野銀行,スタンダード（内国株式）,7050,銀行業,15,銀行 ,7,TOPIX Small 2
20220729,8537,大光銀行,スタンダード（内国株式）,7050,銀行業,15,銀行 ,7,TOPIX Small 2
20220729,8542,トマト銀行,スタンダード（内国株式）,7050,銀行業,15,銀行 ,7,TOPIX Small 2
20220729,8562,福島銀行,スタンダード（内国株式）,7050,銀行業,15,銀行 ,7,TOPIX Small 2
20220729,8563,大東銀行,スタンダード（内国株式）,7050,銀行業,15,銀行 ,7,TOPIX Small 2
20220729,8572,アコム,スタンダード（内国株式）,7200,その他金融業,16,金融（除く銀行） ,4,TOPIX Mid400
20220729,8596,九州リースサービス,スタンダード（内国株式）,7200,その他金融業,16,金融（除く銀行） ,7,TOPIX Small 2
20220729,8617,光世証券,スタンダード（内国株式）,7100,証券、商品先物取引業,16,金融（除く銀行） ,7,TOPIX Small 2
20220729,8699,ＨＳホールディングス,スタンダード（内国株式）,7100,証券、商品先物取引業,16,金融（除く銀行） ,-,-
20220729,8700,丸八証券,スタンダード（内国株式）,7100,証券、商品先物取引業,16,金融（除く銀行） ,-,-
20220729,8704,トレイダーズホールディングス,スタンダード（内国株式）,7100,証券、商品先物取引業,16,金融（除く銀行） ,-,-
20220729,8705,日産証券グループ,スタンダード（内国株式）,7100,証券、商品先物取引業,16,金融（除く銀行） ,-,-
20220729,8737,あかつき本社,スタンダード（内国株式）,7100,証券、商品先物取引業,16,金融（除く銀行） ,-,-
20220729,8742,小林洋行,スタンダード（内国株式）,7100,証券、商品先物取引業,16,金融（除く銀行） ,7,TOPIX Small 2
20220729,8746,第一商品,スタンダード（内国株式）,7100,証券、商品先物取引業,16,金融（除く銀行） ,-,-
20220729,8747,豊トラスティ証券,スタンダード（内国株式）,7100,証券、商品先物取引業,16,金融（除く銀行） ,-,-
20220729,8772,アサックス,スタンダード（内国株式）,7200,その他金融業,16,金融（除く銀行） ,7,TOPIX Small 2
20220729,8783,ＧＦＡ,スタンダード（内国株式）,7200,その他金融業,16,金融（除く銀行） ,-,-
20220729,8789,フィンテック　グローバル,スタンダード（内国株式）,7200,その他金融業,16,金融（除く銀行） ,-,-
20220729,8835,太平洋興発,スタンダード（内国株式）,6050,卸売業,13,商社・卸売 ,7,TOPIX Small 2
20220729,8836,ＲＩＳＥ,スタンダード（内国株式）,8050,不動産業,17,不動産 ,-,-
20220729,8841,テーオーシー,スタンダード（内国株式）,8050,不動産業,17,不動産 ,7,TOPIX Small 2
20220729,8844,コスモスイニシア,スタンダード（内国株式）,8050,不動産業,17,不動産 ,-,-
20220729,8854,日住サービス,スタンダード（内国株式）,8050,不動産業,17,不動産 ,-,-
20220729,8886,ウッドフレンズ,スタンダード（内国株式）,8050,不動産業,17,不動産 ,-,-
20220729,8887,リベレステ,スタンダード（内国株式）,8050,不動産業,17,不動産 ,-,-
20220729,8889,ＡＰＡＭＡＮ,スタンダード（内国株式）,8050,不動産業,17,不動産 ,-,-
20220729,8890,レーサム,スタンダード（内国株式）,8050,不動産業,17,不動産 ,-,-
20220729,8891,ＡＭＧホールディングス,スタンダード（内国株式）,8050,不動産業,17,不動産 ,-,-
20220729,8893,新日本建物,スタンダード（内国株式）,8050,不動産業,17,不動産 ,-,-
20220729,8894,ＲＥＶＯＬＵＴＩＯＮ,スタンダード（内国株式）,8050,不動産業,17,不動産 ,-,-
20220729,8898,センチュリー２１・ジャパン,スタンダード（内国株式）,8050,不動産業,17,不動産 ,-,-
20220729,8903,サンウッド,スタンダード（内国株式）,8050,不動産業,17,不動産 ,-,-
20220729,8908,毎日コムネット,スタンダード（内国株式）,8050,不動産業,17,不動産 ,7,TOPIX Small 2
20220729,8909,シノケングループ,スタンダード（内国株式）,8050,不動産業,17,不動産 ,-,-
20220729,8912,エリアクエスト,スタンダード（内国株式）,8050,不動産業,17,不動産 ,-,-
20220729,8914,エリアリンク,スタンダード（内国株式）,8050,不動産業,17,不動産 ,-,-
20220729,8918,ランド,スタンダード（内国株式）,8050,不動産業,17,不動産 ,7,TOPIX Small 2
20220729,8920,東祥,スタンダード（内国株式）,9050,サービス業,10,情報通信・サービスその他 ,7,TOPIX Small 2
20220729,8925,アルデプロ,スタンダード（内国株式）,8050,不動産業,17,不動産 ,-,-
20220729,8927,明豊エンタープライズ,スタンダード（内国株式）,8050,不動産業,17,不動産 ,-,-
20220729,8928,穴吹興産,スタンダード（内国株式）,8050,不動産業,17,不動産 ,7,TOPIX Small 2
20220729,8929,青山財産ネットワークス,スタンダード（内国株式）,8050,不動産業,17,不動産 ,-,-
20220729,8931,和田興産,スタンダード（内国株式）,8050,不動産業,17,不動産 ,-,-
20220729,8944,ランドビジネス,スタンダード（内国株式）,8050,不動産業,17,不動産 ,7,TOPIX Small 2
20220729,8946,ＡＳＩＡＮ　ＳＴＡＲ,スタンダード（内国株式）,8050,不動産業,17,不動産 ,-,-
20220729,8995,誠建設工業,スタンダード（内国株式）,8050,不動産業,17,不動産 ,-,-
20220729,9012,秩父鉄道,スタンダード（内国株式）,5050,陸運業,12,運輸・物流 ,-,-
20220729,9014,新京成電鉄,スタンダード（内国株式）,5050,陸運業,12,運輸・物流 ,7,TOPIX Small 2
20220729,9017,新潟交通,スタンダード（内国株式）,5050,陸運業,12,運輸・物流 ,-,-
20220729,9028,ゼロ,スタンダード（内国株式）,5050,陸運業,12,運輸・物流 ,-,-
20220729,9029,ヒガシトゥエンティワン,スタンダード（内国株式）,5050,陸運業,12,運輸・物流 ,-,-
20220729,9033,広島電鉄,スタンダード（内国株式）,5050,陸運業,12,運輸・物流 ,-,-
20220729,9034,南総通運,スタンダード（内国株式）,5050,陸運業,12,運輸・物流 ,-,-
20220729,9036,東部ネットワーク,スタンダード（内国株式）,5050,陸運業,12,運輸・物流 ,-,-
20220729,9049,京福電気鉄道,スタンダード（内国株式）,5050,陸運業,12,運輸・物流 ,-,-
20220729,9051,センコン物流,スタンダード（内国株式）,5050,陸運業,12,運輸・物流 ,-,-
20220729,9057,遠州トラック,スタンダード（内国株式）,5050,陸運業,12,運輸・物流 ,-,-
20220729,9059,カンダホールディングス,スタンダード（内国株式）,5050,陸運業,12,運輸・物流 ,-,-
20220729,9060,日本ロジテム,スタンダード（内国株式）,5050,陸運業,12,運輸・物流 ,-,-
20220729,9063,岡山県貨物運送,スタンダード（内国株式）,5050,陸運業,12,運輸・物流 ,-,-
20220729,9067,丸運,スタンダード（内国株式）,5050,陸運業,12,運輸・物流 ,7,TOPIX Small 2
20220729,9073,京極運輸商事,スタンダード（内国株式）,5050,陸運業,12,運輸・物流 ,-,-
20220729,9074,日本石油輸送,スタンダード（内国株式）,5050,陸運業,12,運輸・物流 ,7,TOPIX Small 2
20220729,9078,エスライン,スタンダード（内国株式）,5050,陸運業,12,運輸・物流 ,7,TOPIX Small 2
20220729,9082,大和自動車交通,スタンダード（内国株式）,5050,陸運業,12,運輸・物流 ,-,-
20220729,9083,神姫バス,スタンダード（内国株式）,5050,陸運業,12,運輸・物流 ,-,-
20220729,9087,タカセ,スタンダード（内国株式）,5050,陸運業,12,運輸・物流 ,-,-
20220729,9115,明治海運,スタンダード（内国株式）,5100,海運業,12,運輸・物流 ,7,TOPIX Small 2
20220729,9127,玉井商船,スタンダード（内国株式）,5100,海運業,12,運輸・物流 ,-,-
20220729,9130,共栄タンカー,スタンダード（内国株式）,5100,海運業,12,運輸・物流 ,7,TOPIX Small 2
20220729,9145,ビーイングホールディングス,スタンダード（内国株式）,5050,陸運業,12,運輸・物流 ,-,-
20220729,9171,栗林商船,スタンダード（内国株式）,5100,海運業,12,運輸・物流 ,-,-
20220729,9173,東海汽船,スタンダード（内国株式）,5100,海運業,12,運輸・物流 ,-,-
20220729,9193,東京汽船,スタンダード（内国株式）,5200,倉庫・運輸関連業,12,運輸・物流 ,-,-
20220729,9206,スターフライヤー,スタンダード（内国株式）,5150,空運業,12,運輸・物流 ,-,-
20220729,9213,セイファート,スタンダード（内国株式）,9050,サービス業,10,情報通信・サービスその他 ,-,-
20220729,9220,エフビー介護サービス,スタンダード（内国株式）,9050,サービス業,10,情報通信・サービスその他 ,-,-
20220729,9221,フルハシＥＰＯ,スタンダード（内国株式）,9050,サービス業,10,情報通信・サービスその他 ,-,-
20220729,9232,パスコ,スタンダード（内国株式）,5150,空運業,12,運輸・物流 ,7,TOPIX Small 2
20220729,9233,アジア航測,スタンダード（内国株式）,5150,空運業,12,運輸・物流 ,-,-
20220729,9249,日本エコシステム,スタンダード（内国株式）,9050,サービス業,10,情報通信・サービスその他 ,-,-
20220729,9263,ビジョナリーホールディングス,スタンダード（内国株式）,6100,小売業,14,小売 ,-,-
20220729,9264,ポエック,スタンダード（内国株式）,6050,卸売業,13,商社・卸売 ,-,-
20220729,9265,ヤマシタヘルスケアホールディングス,スタンダード（内国株式）,6050,卸売業,13,商社・卸売 ,7,TOPIX Small 2
20220729,9268,オプティマスグループ,スタンダード（内国株式）,6050,卸売業,13,商社・卸売 ,-,-
20220729,9275,ナルミヤ・インターナショナル,スタンダード（内国株式）,6100,小売業,14,小売 ,7,TOPIX Small 2
20220729,9306,東陽倉庫,スタンダード（内国株式）,5200,倉庫・運輸関連業,12,運輸・物流 ,7,TOPIX Small 2
20220729,9307,杉村倉庫,スタンダード（内国株式）,5200,倉庫・運輸関連業,12,運輸・物流 ,-,-
20220729,9308,乾汽船,スタンダード（内国株式）,5100,海運業,12,運輸・物流 ,7,TOPIX Small 2
20220729,9311,アサガミ,スタンダード（内国株式）,5200,倉庫・運輸関連業,12,運輸・物流 ,-,-
20220729,9312,ケイヒン,スタンダード（内国株式）,5200,倉庫・運輸関連業,12,運輸・物流 ,7,TOPIX Small 2
20220729,9313,丸八倉庫,スタンダード（内国株式）,5200,倉庫・運輸関連業,12,運輸・物流 ,-,-
20220729,9318,アジア開発キャピタル,スタンダード（内国株式）,7100,証券、商品先物取引業,16,金融（除く銀行） ,-,-
20220729,9322,川西倉庫,スタンダード（内国株式）,5200,倉庫・運輸関連業,12,運輸・物流 ,7,TOPIX Small 2
20220729,9327,イー・ロジット,スタンダード（内国株式）,5200,倉庫・運輸関連業,12,運輸・物流 ,-,-
20220729,9353,櫻島埠頭,スタンダード（内国株式）,5200,倉庫・運輸関連業,12,運輸・物流 ,-,-
20220729,9355,リンコーコーポレーション,スタンダード（内国株式）,5200,倉庫・運輸関連業,12,運輸・物流 ,-,-
20220729,9360,鈴与シンワート,スタンダード（内国株式）,5250,情報・通信業,10,情報通信・サービスその他 ,-,-
20220729,9361,伏木海陸運送,スタンダード（内国株式）,5200,倉庫・運輸関連業,12,運輸・物流 ,-,-
20220729,9362,兵機海運,スタンダード（内国株式）,5200,倉庫・運輸関連業,12,運輸・物流 ,-,-
20220729,9363,大運,スタンダード（内国株式）,5200,倉庫・運輸関連業,12,運輸・物流 ,-,-
20220729,9365,トレーディア,スタンダード（内国株式）,5200,倉庫・運輸関連業,12,運輸・物流 ,-,-
20220729,9366,サンリツ,スタンダード（内国株式）,5200,倉庫・運輸関連業,12,運輸・物流 ,7,TOPIX Small 2
20220729,9367,大東港運,スタンダード（内国株式）,5200,倉庫・運輸関連業,12,運輸・物流 ,-,-
20220729,9368,キムラユニティー,スタンダード（内国株式）,5200,倉庫・運輸関連業,12,運輸・物流 ,7,TOPIX Small 2
20220729,9369,キユーソー流通システム,スタンダード（内国株式）,5200,倉庫・運輸関連業,12,運輸・物流 ,7,TOPIX Small 2
20220729,9376,ユーラシア旅行社,スタンダード（内国株式）,9050,サービス業,10,情報通信・サービスその他 ,-,-
20220729,9377,エージーピー,スタンダード（内国株式）,5200,倉庫・運輸関連業,12,運輸・物流 ,-,-
20220729,9380,東海運,スタンダード（内国株式）,5200,倉庫・運輸関連業,12,運輸・物流 ,7,TOPIX Small 2
20220729,9408,新潟放送,スタンダード（内国株式）,5250,情報・通信業,10,情報通信・サービスその他 ,-,-
20220729,9414,日本ＢＳ放送,スタンダード（内国株式）,5250,情報・通信業,10,情報通信・サービスその他 ,7,TOPIX Small 2
20220729,9417,スマートバリュー,スタンダード（内国株式）,5250,情報・通信業,10,情報通信・サービスその他 ,7,TOPIX Small 2
20220729,9421,エヌジェイホールディングス,スタンダード（内国株式）,5250,情報・通信業,10,情報通信・サービスその他 ,-,-
20220729,9423,フォーバル・リアルストレート,スタンダード（内国株式）,5250,情報・通信業,10,情報通信・サービスその他 ,-,-
20220729,9425,日本テレホン,スタンダード（内国株式）,5250,情報・通信業,10,情報通信・サービスその他 ,-,-
20220729,9428,クロップス,スタンダード（内国株式）,5250,情報・通信業,10,情報通信・サービスその他 ,7,TOPIX Small 2
20220729,9436,沖縄セルラー電話,スタンダード（内国株式）,5250,情報・通信業,10,情報通信・サービスその他 ,-,-
20220729,9439,エム・エイチ・グループ,スタンダード（内国株式）,9050,サービス業,10,情報通信・サービスその他 ,-,-
20220729,9441,ベルパーク,スタンダード（内国株式）,5250,情報・通信業,10,情報通信・サービスその他 ,-,-
20220729,9444,トーシンホールディングス,スタンダード（内国株式）,5250,情報・通信業,10,情報通信・サービスその他 ,-,-
20220729,9445,フォーバルテレコム,スタンダード（内国株式）,5250,情報・通信業,10,情報通信・サービスその他 ,-,-
20220729,9446,サカイホールディングス,スタンダード（内国株式）,5250,情報・通信業,10,情報通信・サービスその他 ,-,-
20220729,9466,アイドママーケティングコミュニケーション,スタンダード（内国株式）,5250,情報・通信業,10,情報通信・サービスその他 ,7,TOPIX Small 2
20220729,9475,昭文社ホールディングス,スタンダード（内国株式）,5250,情報・通信業,10,情報通信・サービスその他 ,7,TOPIX Small 2
20220729,9476,中央経済社ホールディングス,スタンダード（内国株式）,5250,情報・通信業,10,情報通信・サービスその他 ,-,-
20220729,9478,ＳＥホールディングス・アンド・インキュベーションズ,スタンダード（内国株式）,5250,情報・通信業,10,情報通信・サービスその他 ,-,-
20220729,9479,インプレスホールディングス,スタンダード（内国株式）,5250,情報・通信業,10,情報通信・サービスその他 ,7,TOPIX Small 2
20220729,9537,北陸瓦斯,スタンダード（内国株式）,4050,電気・ガス業,11,電力・ガス ,-,-
20220729,9539,京葉瓦斯,スタンダード（内国株式）,4050,電気・ガス業,11,電力・ガス ,-,-
20220729,9610,ウィルソン・ラーニング　ワールドワイド,スタンダード（内国株式）,9050,サービス業,10,情報通信・サービスその他 ,-,-
20220729,9625,セレスポ,スタンダード（内国株式）,9050,サービス業,10,情報通信・サービスその他 ,-,-
20220729,9631,東急レクリエーション,スタンダード（内国株式）,9050,サービス業,10,情報通信・サービスその他 ,-,-
20220729,9632,スバル興業,スタンダード（内国株式）,9050,サービス業,10,情報通信・サービスその他 ,7,TOPIX Small 2
20220729,9633,東京テアトル,スタンダード（内国株式）,9050,サービス業,10,情報通信・サービスその他 ,7,TOPIX Small 2
20220729,9635,武蔵野興業,スタンダード（内国株式）,9050,サービス業,10,情報通信・サービスその他 ,-,-
20220729,9636,きんえい,スタンダード（内国株式）,9050,サービス業,10,情報通信・サービスその他 ,-,-
20220729,9637,オーエス,スタンダード（内国株式）,9050,サービス業,10,情報通信・サービスその他 ,-,-
20220729,9639,三協フロンテア,スタンダード（内国株式）,9050,サービス業,10,情報通信・サービスその他 ,-,-
20220729,9640,セゾン情報システムズ,スタンダード（内国株式）,5250,情報・通信業,10,情報通信・サービスその他 ,-,-
20220729,9647,協和コンサルタンツ,スタンダード（内国株式）,9050,サービス業,10,情報通信・サービスその他 ,-,-
20220729,9651,日本プロセス,スタンダード（内国株式）,5250,情報・通信業,10,情報通信・サービスその他 ,-,-
20220729,9656,グリーンランドリゾート,スタンダード（内国株式）,9050,サービス業,10,情報通信・サービスその他 ,-,-
20220729,9661,歌舞伎座,スタンダード（内国株式）,9050,サービス業,10,情報通信・サービスその他 ,-,-
20220729,9675,常磐興産,スタンダード（内国株式）,9050,サービス業,10,情報通信・サービスその他 ,7,TOPIX Small 2
20220729,9679,ホウライ,スタンダード（内国株式）,9050,サービス業,10,情報通信・サービスその他 ,-,-
20220729,9685,ＫＹＣＯＭホールディングス,スタンダード（内国株式）,5250,情報・通信業,10,情報通信・サービスその他 ,-,-
20220729,9686,東洋テック,スタンダード（内国株式）,9050,サービス業,10,情報通信・サービスその他 ,-,-
20220729,9687,ＫＳＫ,スタンダード（内国株式）,5250,情報・通信業,10,情報通信・サービスその他 ,-,-
20220729,9691,両毛システムズ,スタンダード（内国株式）,5250,情報・通信業,10,情報通信・サービスその他 ,-,-
20220729,9696,ウィザス,スタンダード（内国株式）,9050,サービス業,10,情報通信・サービスその他 ,-,-
20220729,9698,クレオ,スタンダード（内国株式）,5250,情報・通信業,10,情報通信・サービスその他 ,-,-
20220729,9701,東京會舘,スタンダード（内国株式）,9050,サービス業,10,情報通信・サービスその他 ,-,-
20220729,9704,アゴーラ　ホスピタリティー　グループ,スタンダード（内国株式）,9050,サービス業,10,情報通信・サービスその他 ,7,TOPIX Small 2
20220729,9708,帝国ホテル,スタンダード（内国株式）,9050,サービス業,10,情報通信・サービスその他 ,-,-
20220729,9709,ＮＣＳ＆Ａ,スタンダード（内国株式）,5250,情報・通信業,10,情報通信・サービスその他 ,-,-
20220729,9713,ロイヤルホテル,スタンダード（内国株式）,9050,サービス業,10,情報通信・サービスその他 ,-,-
20220729,9720,ホテル、ニューグランド,スタンダード（内国株式）,9050,サービス業,10,情報通信・サービスその他 ,-,-
20220729,9723,京都ホテル,スタンダード（内国株式）,9050,サービス業,10,情報通信・サービスその他 ,-,-
20220729,9726,ＫＮＴ−ＣＴホールディングス,スタンダード（内国株式）,9050,サービス業,10,情報通信・サービスその他 ,7,TOPIX Small 2
20220729,9731,白洋舎,スタンダード（内国株式）,9050,サービス業,10,情報通信・サービスその他 ,7,TOPIX Small 2
20220729,9733,ナガセ,スタンダード（内国株式）,9050,サービス業,10,情報通信・サービスその他 ,-,-
20220729,9734,精養軒,スタンダード（内国株式）,9050,サービス業,10,情報通信・サービスその他 ,-,-
20220729,9753,アイエックス・ナレッジ,スタンダード（内国株式）,5250,情報・通信業,10,情報通信・サービスその他 ,-,-
20220729,9760,進学会ホールディングス,スタンダード（内国株式）,9050,サービス業,10,情報通信・サービスその他 ,7,TOPIX Small 2
20220729,9761,東海リース,スタンダード（内国株式）,9050,サービス業,10,情報通信・サービスその他 ,-,-
20220729,9763,丸紅建材リース,スタンダード（内国株式）,6050,卸売業,13,商社・卸売 ,7,TOPIX Small 2
20220729,9767,日建工学,スタンダード（内国株式）,9050,サービス業,10,情報通信・サービスその他 ,-,-
20220729,9768,いであ,スタンダード（内国株式）,9050,サービス業,10,情報通信・サービスその他 ,7,TOPIX Small 2
20220729,9776,札幌臨床検査センター,スタンダード（内国株式）,9050,サービス業,10,情報通信・サービスその他 ,-,-
20220729,9778,昴,スタンダード（内国株式）,9050,サービス業,10,情報通信・サービスその他 ,-,-
20220729,9780,ハリマビステム,スタンダード（内国株式）,9050,サービス業,10,情報通信・サービスその他 ,-,-
20220729,9782,ディーエムエス,スタンダード（内国株式）,9050,サービス業,10,情報通信・サービスその他 ,-,-
20220729,9791,ビケンテクノ,スタンダード（内国株式）,9050,サービス業,10,情報通信・サービスその他 ,-,-
20220729,9799,旭情報サービス,スタンダード（内国株式）,5250,情報・通信業,10,情報通信・サービスその他 ,-,-
20220729,9812,テーオーホールディングス,スタンダード（内国株式）,6050,卸売業,13,商社・卸売 ,-,-
20220729,9816,ストライダーズ,スタンダード（内国株式）,8050,不動産業,17,不動産 ,-,-
20220729,9818,大丸エナウィン,スタンダード（内国株式）,6050,卸売業,13,商社・卸売 ,-,-
20220729,9820,エムティジェネックス,スタンダード（内国株式）,8050,不動産業,17,不動産 ,-,-
20220729,9823,マミーマート,スタンダード（内国株式）,6100,小売業,14,小売 ,-,-
20220729,9827,リリカラ,スタンダード（内国株式）,6050,卸売業,13,商社・卸売 ,-,-
20220729,9828,元気寿司,スタンダード（内国株式）,6100,小売業,14,小売 ,7,TOPIX Small 2
20220729,9835,ジュンテンドー,スタンダード（内国株式）,6100,小売業,14,小売 ,-,-
20220729,9845,パーカーコーポレーション,スタンダード（内国株式）,3200,化学,4,素材・化学 ,-,-
20220729,9846,天満屋ストア,スタンダード（内国株式）,6100,小売業,14,小売 ,-,-
20220729,9849,共同紙販ホールディングス,スタンダード（内国株式）,6050,卸売業,13,商社・卸売 ,-,-
20220729,9852,ＣＢグループマネジメント,スタンダード（内国株式）,6050,卸売業,13,商社・卸売 ,-,-
20220729,9853,銀座ルノアール,スタンダード（内国株式）,6100,小売業,14,小売 ,-,-
20220729,9854,愛眼,スタンダード（内国株式）,6100,小売業,14,小売 ,7,TOPIX Small 2
20220729,9856,ケーユーホールディングス,スタンダード（内国株式）,6100,小売業,14,小売 ,7,TOPIX Small 2
20220729,9857,英和,スタンダード（内国株式）,6050,卸売業,13,商社・卸売 ,-,-
20220729,9867,ソレキア,スタンダード（内国株式）,6050,卸売業,13,商社・卸売 ,-,-
20220729,9872,北恵,スタンダード（内国株式）,6050,卸売業,13,商社・卸売 ,7,TOPIX Small 2
20220729,9873,日本ＫＦＣホールディングス,スタンダード（内国株式）,6100,小売業,14,小売 ,-,-
20220729,9876,コックス,スタンダード（内国株式）,6100,小売業,14,小売 ,-,-
20220729,9878,セキド,スタンダード（内国株式）,6100,小売業,14,小売 ,-,-
20220729,9885,シャルレ,スタンダード（内国株式）,6050,卸売業,13,商社・卸売 ,-,-
20220729,9888,ＵＥＸ,スタンダード（内国株式）,6050,卸売業,13,商社・卸売 ,-,-
20220729,9890,マキヤ,スタンダード（内国株式）,6100,小売業,14,小売 ,-,-
20220729,9895,コンセック,スタンダード（内国株式）,6050,卸売業,13,商社・卸売 ,-,-
20220729,9903,カンセキ,スタンダード（内国株式）,6100,小売業,14,小売 ,-,-
20220729,9904,ベリテ,スタンダード（内国株式）,6100,小売業,14,小売 ,-,-
20220729,9906,藤井産業,スタンダード（内国株式）,6050,卸売業,13,商社・卸売 ,-,-
20220729,9908,日本電計,スタンダード（内国株式）,6050,卸売業,13,商社・卸売 ,-,-
20220729,9913,日邦産業,スタンダード（内国株式）,6050,卸売業,13,商社・卸売 ,-,-
20220729,9914,植松商会,スタンダード（内国株式）,6050,卸売業,13,商社・卸売 ,-,-
20220729,9919,関西フードマーケット,スタンダード（内国株式）,6100,小売業,14,小売 ,7,TOPIX Small 2
20220729,9927,ワットマン,スタンダード（内国株式）,6100,小売業,14,小売 ,-,-
20220729,9929,平和紙業,スタンダード（内国株式）,6050,卸売業,13,商社・卸売 ,-,-
20220729,9930,北沢産業,スタンダード（内国株式）,6050,卸売業,13,商社・卸売 ,7,TOPIX Small 2
20220729,9941,太洋物産,スタンダード（内国株式）,6050,卸売業,13,商社・卸売 ,-,-
20220729,9950,ハチバン,スタンダード（内国株式）,6100,小売業,14,小売 ,-,-
20220729,9955,ヨンキュウ,スタンダード（内国株式）,6050,卸売業,13,商社・卸売 ,-,-
20220729,9959,アシードホールディングス,スタンダード（内国株式）,6100,小売業,14,小売 ,-,-
20220729,9964,アイ・テック,スタンダード（内国株式）,6050,卸売業,13,商社・卸売 ,-,-
20220729,9967,堺商事,スタンダード（内国株式）,6050,卸売業,13,商社・卸売 ,-,-
20220729,9969,ショクブン,スタンダード（内国株式）,6100,小売業,14,小売 ,-,-
20220729,9972,アルテック,スタンダード（内国株式）,6050,卸売業,13,商社・卸売 ,7,TOPIX Small 2
20220729,9973,小僧寿し,スタンダード（内国株式）,6100,小売業,14,小売 ,-,-
20220729,9976,セキチュー,スタンダード（内国株式）,6100,小売業,14,小売 ,-,-
20220729,9977,アオキスーパー,スタンダード（内国株式）,6100,小売業,14,小売 ,-,-
20220729,9978,文教堂グループホールディングス,スタンダード（内国株式）,6100,小売業,14,小売 ,-,-
20220729,9979,大庄,スタンダード（内国株式）,6100,小売業,14,小売 ,7,TOPIX Small 2
20220729,9980,ＭＲＫホールディングス,スタンダード（内国株式）,6100,小売業,14,小売 ,-,-
20220729,9982,タキヒヨー,スタンダード（内国株式）,6050,卸売業,13,商社・卸売 ,7,TOPIX Small 2
20220729,9986,蔵王産業,スタンダード（内国株式）,6050,卸売業,13,商社・卸売 ,7,TOPIX Small 2
20220729,9993,ヤマザワ,スタンダード（内国株式）,6100,小売業,14,小売 ,7,TOPIX Small 2
20220729,9994,やまや,スタンダード（内国株式）,6100,小売業,14,小売 ,7,TOPIX Small 2
20220729,9996,サトー商会,スタンダード（内国株式）,6050,卸売業,13,商社・卸売 ,-,-
